Avgmemreal,forecast
0.6472402024327778,0.53351873
0.6592165524122481,0.5644926
0.6337693488772796,0.5451127
0.6397133328742847,0.56401813
0.6362571764715849,0.58539283
0.645471392288527,0.55304617
0.6325807206604795,0.43912184
0.6615964261212369,0.49135384
0.6450189919302666,0.4269712
0.6376723319058698,0.46655467
0.696810550396939,0.55057305
0.6560582369959244,0.4922097
0.6391914124418453,0.43501636
0.6956773982899532,0.49796662
0.6544713395482548,0.46185386
0.6475908362915478,0.5148884
0.5765640770140911,0.48063457
0.6226253088493138,0.48929477
0.5792155748646989,0.34627095
0.5569248590363144,0.43017313
0.526794035548228,0.35807008
0.5685100797110524,0.41512233
0.5638448960033381,0.46332666
0.5721146648530641,0.44815496
0.6317254573588836,0.4400905
0.6623204152522985,0.48982278
0.6562039490502459,0.47509497
0.6551194281773097,0.54258174
0.6959667051662143,0.49969938
0.6208739081577711,0.5020851
0.5514698470180216,0.3668439
0.5701937952951145,0.44498715
0.6071715133776246,0.38388708
0.6220880329078834,0.43027776
0.5403656056149085,0.459938
0.5424445449729721,0.45700228
0.5656932914026448,0.49178502
0.592604644546929,0.5075189
0.5955129582446254,0.5125735
0.6300585330785301,0.5107536
0.6337815541510711,0.5389465
0.6215993777112877,0.49462712
0.6468907103309546,0.39959973
0.6062335204754791,0.4410729
0.5732341560541337,0.39550918
0.5781820855151311,0.42097408
0.6507376376235224,0.51194423
0.5615579131442879,0.44766894
0.5701339092669234,0.5678225
0.5588878929516609,0.62938166
0.567941247707031,0.5567184
0.5907796648703171,0.54869765
0.5042249110157088,0.59357476
0.5216828880200609,0.5803592
0.5913418008139592,0.46711484
0.5837887134188956,0.516035
0.5847054033999991,0.4336776
0.7451728705147159,0.4935814
0.7884745531317839,0.57100403
0.7436494202879512,0.5421006
0.7386521718766305,0.5966365
0.7320156336367801,0.619575
0.7395025175587618,0.59806454
0.7000383435906309,0.62290823
0.7084238124893133,0.65313
0.7353444624522584,0.60545623
0.7604875867942885,0.48729542
0.7730861998640414,0.54815257
0.7619284929144933,0.49771124
0.7397234500153215,0.5161539
0.7288791277761798,0.6126401
0.7094106705958491,0.5308878
0.711805809335401,0.5882354
0.7009934434571593,0.62157434
0.7256973664511884,0.5902427
0.7095327146679805,0.6237525
0.7149447932169885,0.64325666
0.7060185233772466,0.6186611
0.7250364985122214,0.48423207
0.7339135778562113,0.54484475
0.7271302591402674,0.4764764
0.7202780682791031,0.51414156
0.7325713951046725,0.600773
0.7312248265475833,0.5331981
0.7427421455519155,0.5782982
0.7623910670793558,0.6285728
0.7618371821840021,0.5951946
0.7696311519969662,0.64470536
0.7566726167406904,0.6368536
0.7578291602007289,0.6196054
0.7492919286337231,0.4821789
0.7240645957606845,0.5464953
0.7428763891561109,0.47251156
0.7482346694000058,0.519123
0.7160942422163504,0.59679776
0.7221464234844618,0.5450134
0.744846667949585,0.5956488
0.7405181885648858,0.63431984
0.7405796604567033,0.60083413
0.7205717868164313,0.6329543
0.7073835393207791,0.6506662
0.7153000733797915,0.6181757
0.7337885121807622,0.4904506
0.7146045409885761,0.5457487
0.7326805747498591,0.4783044
0.7393115598089416,0.5154817
0.7518566176328497,0.6122244
0.7457175332351361,0.5442928
0.7427676550129821,0.60922
0.7602846906871742,0.6455274
0.7525939081127323,0.6147068
0.704185844706014,0.6296627
0.7087210004433847,0.65625143
0.7237907454283165,0.6134624
0.7241484946405755,0.49565095
0.6983538690952719,0.55170447
0.7180003633172919,0.47636738
0.7491130581764357,0.52008736
0.7916289243091771,0.6144933
0.747390187782487,0.54991955
0.7264531084608526,0.5757106
0.7299599517497736,0.6219442
0.7251047804270724,0.5923942
0.7359834696148634,0.62670004
0.7307107591605889,0.6377685
0.7231934816374427,0.61279166
0.7210068289426278,0.47754455
0.7166387652849108,0.5365542
0.7042234794406478,0.46279767
0.716941908677217,0.5091765
0.7428432010685838,0.5961652
0.7215009426199454,0.5365729
0.7327746710905704,0.54747033
0.7185058842852151,0.5740461
0.7304658725366112,0.5635313
0.6970975675210579,0.5945007
0.7151614685402513,0.6114472
0.7278743731811904,0.56353384
0.744017718599547,0.44421378
0.7279081945198757,0.5113439
0.7083418583856541,0.47080028
0.7060954093865163,0.48251295
0.6720691306593757,0.57471037
0.6386193841831712,0.5008558
0.6369467724976262,0.5843826
0.6657871513133063,0.60432875
0.6579878764222723,0.58099943
0.6320333457787469,0.58655447
0.6512302947845326,0.6148318
0.6989558078279009,0.57119614
0.6769505702089033,0.47965854
0.681166902718504,0.5317317
0.7140106201422692,0.45891908
0.7115939969243473,0.49724874
0.7371391258643579,0.57867956
0.6882038315441567,0.51618785
0.6406690028586163,0.54450226
0.6510233296637683,0.5555161
0.6820776020821065,0.5545408
0.6616556807021169,0.56400394
0.6699321999440339,0.58739835
0.6617670426942227,0.5392506
0.657409767439448,0.44785342
0.6513479654530142,0.49361923
0.6715180821252721,0.44616067
0.6794002435941856,0.47144997
0.6978713789045948,0.5539009
0.6122943419418226,0.49567252
0.4758672207170652,0.18938251
0.3678554127149934,0.21759579
0.2933814576705654,0.2220845
0.3143921255896224,0.2968533
0.3200752053434158,0.25992864
0.2979730804891419,0.26335886
0.2598676660287485,0.13947943
0.2871304906066431,0.20967048
0.2747594833742918,0.19997054
0.2233178646773393,0.19303934
0.2402355100620067,0.2676549
0.3134388562614999,0.23776422
0.3793582251304402,0.4411804
0.3854717920934764,0.4906329
0.2949613356461508,0.45313492
0.3870790080323386,0.4474975
0.4885079574604748,0.4757096
0.4036960109086603,0.46067792
0.3656942548756049,0.37747484
0.4407140165326645,0.41727528
0.4991441736730767,0.33100203
0.5701586995746705,0.38976702
0.6229680209025091,0.43555433
0.5833619588911741,0.43193805
0.5511218046488239,0.4692975
0.5859780745694975,0.5220873
0.5401275600670054,0.4853924
0.6013368850590853,0.53368676
0.6077988255662862,0.51854247
0.5478823556411413,0.5302322
0.523432184720051,0.39727947
0.5653212123367478,0.45236176
0.5937211871031957,0.37270114
0.5843822349085587,0.43393755
0.5971171422560676,0.48240843
0.632040753044521,0.46561435
0.6638919550373655,0.4624547
0.6684615843618241,0.49000564
0.6374371647799971,0.47142157
0.5465541649068878,0.51484424
0.565453961232037,0.5156145
0.5135224300510689,0.492104
0.4943008482223906,0.36831543
0.556768032300761,0.43469617
0.5900137320000759,0.39278337
0.5837832479514747,0.4194457
0.582350435406935,0.48009795
0.5862169690375102,0.45066014
0.5868776974921645,0.44454342
0.5955346040760207,0.47326773
0.574364973938999,0.46661213
0.5997298909295886,0.51204675
0.6224753839286638,0.5087988
0.557114940325285,0.4938537
0.5541519748578955,0.3690804
0.6122871989363076,0.42737415
0.5986606375380025,0.38775906
0.5571711519428789,0.4131822
0.5464747383596372,0.47338673
0.5477126255437111,0.43485454
0.5456956287061715,0.45635688
0.5455544512422174,0.45911017
0.5911285046479194,0.4411162
0.4887719640006355,0.46403828
0.517832965925041,0.4780286
0.5324516557285853,0.46290806
0.5438962901554313,0.34665135
0.5462666521301466,0.42271712
0.5400512802548852,0.3715582
0.5168216780731204,0.39243436
0.5402523785166021,0.45440733
0.5553120089625644,0.40163282
0.5527716421605194,0.5264038
0.5731002022110644,0.568014
0.6116683905250359,0.5079482
0.6071310527587132,0.5488295
0.5373981596027938,0.53163236
0.6408949116556036,0.5557172
0.5718670715306701,0.43429586
0.5970210385793321,0.50888973
0.6277190568538681,0.40098986
0.6488567492028686,0.47578767
0.6508595022577027,0.5148098
0.6815284528624416,0.49265218
0.6962878432788852,0.5179636
0.6746561890678421,0.57382333
0.6314887617707939,0.52861947
0.6027096320335302,0.5708298
0.6145079590559829,0.5668124
0.677166185042415,0.5479641
0.6192563483029866,0.42101398
0.6153436219337377,0.49986553
0.6365311809538315,0.41629085
0.6744298497474291,0.46128926
0.6637546577042922,0.53663594
0.6782070929259795,0.4918364
0.6742736742623509,0.51650536
0.651822600513125,0.53739333
0.6998058437194993,0.5208007
0.6302730256757584,0.55848396
0.6652223622766379,0.5711002
0.6246844304709446,0.5543643
0.6110462454796001,0.41272098
0.6622611576898788,0.48707628
0.6261762416949356,0.42655548
0.6132302142496987,0.4615647
0.6502742524009527,0.52827305
0.6361774111340838,0.47444382
0.6657702366950721,0.53281987
0.6873674775564534,0.60473955
0.6552906987682966,0.5493213
0.6203374504429507,0.57344294
0.6483160707655201,0.5769713
0.618783051574919,0.56392515
0.6081315204661327,0.4287912
0.5593323606176818,0.5042207
0.5920689192311598,0.41174322
0.7203274507431238,0.4748009
0.7198440556960112,0.53605723
0.7033953904562663,0.5185948
0.7855131109095178,0.5739873
0.8116556408011212,0.6256687
0.7841433879549246,0.5941007
0.7358747013087411,0.64013064
0.7243654481094189,0.6273607
0.7398265019996974,0.6030433
0.6603781883534389,0.47502798
0.6643977107558682,0.5410732
0.7134286369635173,0.4559512
0.7433518468099761,0.5156816
0.7510571315058842,0.586467
0.7191481545694859,0.5513003
0.7420405370164763,0.6340273
0.740633045332734,0.6939115
0.7435597882475667,0.6380733
0.7225340053264971,0.6669144
0.7668381706438719,0.6875497
0.7869617843246505,0.66462004
0.779609875669704,0.52141076
0.7838019509451014,0.60315466
0.7695539641756594,0.50667363
0.8269200084576344,0.5606114
0.7994427129090856,0.6341036
0.7979486739094047,0.5766865
0.7186436168145848,0.6389985
0.6300200377214157,0.6540185
0.754005979338655,0.6159761
0.7156623614223708,0.6409797
0.6823139795807535,0.6906232
0.6436158393098595,0.65893286
0.7407116818973093,0.5310633
0.782347693549316,0.5802575
0.7845776364565141,0.5370096
0.8123776820007492,0.553392
0.785605908206544,0.65071106
0.7719231927131273,0.57222134
0.7596637751254839,0.6204403
0.7533424121869264,0.6739983
0.7230432102293228,0.6333787
0.7563492449773014,0.6728038
0.7780154984673614,0.68826467
0.7984067979405439,0.65912473
0.796275940155515,0.5206395
0.7957757151779509,0.58270997
0.7892194288307378,0.49908438
0.7767319700699725,0.543381
0.7748298779764521,0.6400793
0.7886200591784277,0.5641643
0.7719397857039384,0.6852526
0.7951822145297355,0.73004097
0.8122386597991348,0.6838947
0.8070722453607188,0.70934093
0.7826010566753235,0.7336824
0.7836809311219332,0.701238
0.7964307339294393,0.57848
0.8090290043799034,0.627674
0.8513713406196416,0.54430985
0.8813771046473015,0.59886855
0.8665493596424495,0.683675
0.8369161653534801,0.62511486
0.8468516708844854,0.6657087
0.8452166104149338,0.71984446
0.8590448425163534,0.6851208
0.8782596137875706,0.72901416
0.8650308613351047,0.7431299
0.8516538000018047,0.70947295
0.8697461231918296,0.5615913
0.8612503890083262,0.62062657
0.8477286329820385,0.54643905
0.8595479087408421,0.5913907
0.8400516876390672,0.6898657
0.8194111623342702,0.6154303
0.8327639276635451,0.67023784
0.7974706254618188,0.71578664
0.787375005836027,0.6710117
0.7655392634733859,0.70235103
0.777300038530179,0.7379437
0.7915574767353294,0.6926518
0.8255745820855226,0.5556402
0.8118944857703964,0.6108483
0.8267182638249922,0.5350478
0.8298942563748676,0.5695994
0.844425906125346,0.68819094
0.8523801634529352,0.59678465
0.8531488736626173,0.6321789
0.8340550320284251,0.6767479
0.8204840876832226,0.6456406
0.7931955216171859,0.69449294
0.810418462990469,0.7112172
0.7773564416280819,0.67442906
0.8013912564456919,0.5228218
0.7873174498597083,0.57925624
0.7978688760280889,0.5109494
0.7701991176502262,0.5463791
0.7920930960229152,0.6586775
0.8110990039877063,0.57469213
0.8237743277342034,0.5694304
0.8309672065899772,0.61629516
0.8273116886872555,0.60474
0.8178223475312661,0.65687156
0.8257993659239485,0.651777
0.8018668369493634,0.61577725
0.7920874277054614,0.47024572
0.7641866107067469,0.53835016
0.7414658298434932,0.48248467
0.7379135155582052,0.5147265
0.7177199814731431,0.6056091
0.6890332342598043,0.54015523
0.6917869926714731,0.5618213
0.7281016170657509,0.6065109
0.6972453769165555,0.58431095
0.7110019160074473,0.61062276
0.7225626939197615,0.6219793
0.7231037218004427,0.5881726
0.6939171713289699,0.46919754
0.7351784735150341,0.5324055
0.7162292573171768,0.46585652
0.7318227471068631,0.509527
0.7220553980831482,0.5770026
0.6692275023145747,0.53086734
0.6491161533525357,0.5185203
0.6715820541648371,0.5485566
0.6539746116883719,0.5279939
0.620992131588003,0.5547383
0.6260082079176074,0.5678618
0.6079494012995971,0.5395298
0.597296603101482,0.42317575
0.6414868934930914,0.48284763
0.6458895976785691,0.42740595
0.6479714745611921,0.46318978
0.6610122892773166,0.5305262
0.6318982251413606,0.4881383
0.6897932985380849,0.57183987
0.6781480616904866,0.6227966
0.6710569105497007,0.5877667
0.6836624176185128,0.6144872
0.7426570304388947,0.63101363
0.7556587465284911,0.60374457
0.7385586315519262,0.4696026
0.7220673044432858,0.5442606
0.6936550330758912,0.45821637
0.7253405591775296,0.5028633
0.7301968125529542,0.5845176
0.7136217812145985,0.52076817
0.7418888121066048,0.6116872
0.7293494820793455,0.65433615
0.733433782162611,0.6190261
0.7514395770767411,0.65362585
0.7421565545287335,0.67049164
0.7479964732683305,0.64211524
0.7628514027053849,0.5113302
0.7416312614965147,0.5628309
0.7563433124008124,0.48679903
0.7553397395078475,0.5294982
0.7732692296483089,0.6297172
0.7710369362819406,0.5571492
0.7725438792256177,0.38253295
0.7670739231486859,0.4188703
0.7852931535969881,0.44389483
0.7962650871504601,0.5340498
0.7596801457798333,0.4826971
0.746341744803508,0.470894
0.7350290285504996,0.30059847
0.6666032773322769,0.38826787
0.5523105121198578,0.3719062
0.4798738681507489,0.37806636
0.4491101024702212,0.46239066
0.4558948751660848,0.39564335
0.447688615253227,0.53708297
0.5069393351966577,0.57040834
0.5135258373384889,0.5258989
0.5292182247531795,0.5167246
0.5923463948202562,0.5472521
0.5988339567479933,0.5209574
0.6588226097205235,0.43685576
0.612404234185343,0.5010005
0.6572125753133345,0.43359578
0.7304495555573515,0.4650474
0.6368223985423843,0.5125961
0.6242640097364559,0.4791695
0.6560845212580232,0.46034572
0.6756959525443301,0.49786505
0.6722912616236844,0.48365885
0.6295871335920075,0.5319819
0.6721447466919396,0.5235798
0.5974342632752573,0.5054099
0.6240124747543317,0.36524335
0.6040022708970861,0.4412749
0.5990499521402545,0.40193275
0.6051733993221656,0.4231333
0.5544847706018575,0.484628
0.568960617453035,0.44698226
0.6185917529668438,0.6729006
0.5689539830743803,0.71183044
0.6677993418170124,0.6195207
0.5708231225830599,0.60873413
0.5381923053403498,0.68576103
0.5758882555423205,0.6700993
0.6652453726808284,0.5429934
0.7700513703094521,0.6222011
0.7392161046212725,0.53822625
0.8809442791655383,0.58555853
0.8543698241359391,0.6430187
0.841232404776754,0.5965956
0.8418143148404603,0.39742526
0.7719229012900205,0.4382669
0.7284102322285381,0.43269396
0.6863453775556506,0.5221342
0.5981033190166439,0.5178861
0.471844104556102,0.5061291
0.601477334400632,0.30370426
0.5889858444482644,0.35836798
0.4952343702386418,0.3628206
0.4082392316353341,0.35945928
0.5090191724905048,0.49482632
0.6054809473827404,0.40985993
0.5618470715634759,0.44412157
0.5781702751574648,0.4657399
0.5945830374517723,0.4444477
0.5725391145008071,0.4681859
0.4894423664964938,0.47820622
0.5010473347900622,0.46753317
0.557556057078021,0.34800193
0.53297650318292,0.40230373
0.5070830745279916,0.36260375
0.5135787842286891,0.38984698
0.5652302075139405,0.468392
0.5609451845546344,0.42144683
0.6020252664503897,0.47985938
0.5973537091780202,0.50850564
0.5909228145216093,0.47364527
0.5196863710524252,0.50427574
0.545447337429002,0.51292
0.66186413274774,0.4867979
0.6427947060148181,0.3736488
0.6726209990551683,0.47438332
0.6333175828512624,0.42258695
0.6370101217850265,0.43439892
0.5453680535811875,0.48953563
0.5677096656090871,0.43422458
0.5422950219111141,0.5253236
0.4878486521944122,0.5437461
0.5240183216222435,0.52584475
0.663308332151123,0.5658257
0.6316036672632547,0.57331824
0.7049574955196262,0.56008875
0.6852499857003526,0.46128553
0.7398450833415139,0.50513184
0.7262858469616152,0.44451097
0.6462754409452823,0.47028145
0.6195182233597646,0.55334455
0.6255220044266524,0.4768977
0.6237703722436857,0.51426834
0.6479369125367768,0.5304521
0.6334233229391585,0.51516736
0.6156981618657423,0.53377104
0.5527864655119558,0.5597666
0.5621400651556102,0.51882976
0.6059325247913695,0.42346972
0.665666134903384,0.46827155
0.6693091816846654,0.44554597
0.6557508220432283,0.4585957
0.6358753835857219,0.53577596
0.598568561161455,0.48481607
0.5344894690274241,0.438872
0.6077932908666782,0.47912562
0.5327740948905698,0.4574169
0.5504710020142526,0.45804167
0.5095322369236813,0.48461267
0.5452118719190108,0.44073972
0.6478613413435222,0.34299633
0.6070471491386865,0.40728554
0.5491135647678275,0.39245686
0.5978743223192259,0.39459983
0.5388694880401587,0.4691342
0.5094657878940735,0.42244074
0.585519579980872,0.5387664
0.6576990505771029,0.53218126
0.6362437268417994,0.5356207
0.56545191628431,0.51174504
0.6005964657639006,0.56196815
0.6698434585506766,0.49302056
0.6972128587489942,0.4164829
0.6516228096624871,0.46881536
0.627815511941657,0.42308733
0.5928226705038423,0.43591142
0.6715382042541572,0.53315103
0.5914900579054813,0.44567594
0.5149376990896873,0.68763894
0.604499297887083,0.7034455
0.6140660873701959,0.64665425
0.6071878605183961,0.6299427
0.6598516550168537,0.6927879
0.6596216994161309,0.66303176
0.7173129320069583,0.5752945
0.8110827872166299,0.62215316
0.8590762845747019,0.53580755
0.845418781433768,0.5861175
0.8115720101866376,0.6348285
0.8077764710027789,0.5823995
0.8620082043857556,0.5986211
0.8203039778705753,0.67175543
0.7774169919641393,0.62632823
0.7682782663728706,0.6857271
0.8032102092530172,0.68629134
0.791890883376224,0.6540653
0.783359824937934,0.49774587
0.7615319721158925,0.5743482
0.7714904507047639,0.4998866
0.8116476979205204,0.5368663
0.7591438200208805,0.6352035
0.7834000808405964,0.5714102
0.7938540826020547,0.5979719
0.8065210655176965,0.6294302
0.8733152102666503,0.6233809
0.820184876778559,0.6667872
0.8929667672950422,0.6782457
0.7398393196465153,0.6522762
0.7678465706338401,0.4876729
0.7643002462714231,0.5529975
0.7348226208814878,0.4917297
0.7319549845025953,0.5338539
0.7584200790695609,0.6104843
0.7211737384878251,0.551242
0.6978350041710991,0.68983287
0.6768492925367798,0.72090167
0.7046722241580851,0.6744545
0.7262058881589687,0.68930095
0.7675655556522673,0.73367995
0.7937486166925102,0.69831115
0.8100314413151276,0.58177626
0.8323778265643783,0.6320498
0.8549224684725508,0.53896546
0.8406377409357925,0.58425885
0.8502979972237682,0.68107677
0.8472734201796778,0.5944292
0.8179857475752302,0.6629937
0.8121794625780895,0.7079629
0.7738105273377537,0.6681219
0.775994537208624,0.6952716
0.745672519435859,0.7331779
0.7585415427315852,0.69047534
0.7724221963163042,0.5567316
0.8245858779911123,0.6015534
0.814425208670737,0.52639675
0.7983319727895216,0.5723161
0.8618805935862787,0.68395627
0.8420676848357561,0.6016259
0.8343011723137871,0.68434656
0.8401146085847807,0.7338434
0.8654280730479923,0.6887892
0.8551182290610221,0.7366531
0.8438176927252489,0.73975277
0.8634534872935041,0.7182711
0.8414894954674755,0.575252
0.8154393024007615,0.63456994
0.85726812301611,0.53569126
0.8559116209184879,0.596737
0.8542700317450346,0.6895941
0.8595152713544049,0.62012345
0.8531306375510782,0.6884878
0.8536399219209255,0.739838
0.841360518166622,0.6994234
0.8457588913406388,0.7344458
0.8449325958479662,0.76100314
0.8687174084406518,0.7196242
0.8802568055082557,0.5765071
0.882022332189584,0.6360348
0.8657443269459629,0.5535701
0.8594210913250665,0.5987854
0.8676496033716393,0.70652544
0.8557756761415404,0.6190081
0.8610961480047145,0.63478965
0.867725611911126,0.68053764
0.8632470456620659,0.6559519
0.8669708606747338,0.71504265
0.8527929746109361,0.7116595
0.8419706274911481,0.6827245
0.8353947622843009,0.5330626
0.8082924316922068,0.5874558
0.824760510714683,0.5136247
0.779724856523759,0.558191
0.7884427485812698,0.66323686
0.7983577203520406,0.58472353
0.7947788884555701,0.6277125
0.7689587032619521,0.6828766
0.7825242707140315,0.6441918
0.8096993423922708,0.6936937
0.824204277984602,0.7026982
0.8205921786106299,0.680166
0.8184888484763452,0.52854514
0.8248082603038137,0.59688294
0.8026953386865369,0.5157126
0.8063019313846985,0.5610048
0.7842433192113379,0.6514307
0.789436385592973,0.57970065
0.7767837175168683,0.53296435
0.7804378543064513,0.5631092
0.7665956439862455,0.5564889
0.7226260810292037,0.59789306
0.7050139897221052,0.6138364
0.6440066075398191,0.57505053
0.6685751553574019,0.43401968
0.7192792811365766,0.49091914
0.6783199891318158,0.458146
0.6536958956029034,0.48055285
0.6851801303323309,0.57044554
0.6519166786490628,0.5086339
0.6650226942904794,0.53783846
0.6563598593786467,0.55856484
0.7207643406598206,0.5379471
0.7018462510491937,0.59548426
0.7192664020367218,0.5939817
0.6801197784701921,0.59793293
0.6727851286377119,0.4415743
0.7377788995951194,0.5140256
0.6950417585711935,0.4455157
0.6193197228332062,0.4878057
0.6365693742653283,0.54909915
0.6723876153206981,0.48882264
0.6285935945028011,0.49473548
0.5993440067321006,0.53639185
0.6162803875020734,0.50378764
0.5980513113586633,0.54726565
0.6521949844092866,0.5489296
0.6233092158057364,0.53602797
0.6311298365982424,0.4007783
0.6274907579302337,0.4797828
0.6291270694000396,0.4189392
0.6538852742104039,0.446983
0.5991980878556219,0.51094246
0.6251774245608835,0.46628597
0.6758598933150378,0.5425818
0.6260547873028436,0.6130479
0.64090939808545,0.5371729
0.648147866131641,0.59923613
0.5886913844107268,0.58791196
0.6278183545741732,0.60068566
0.6250508572363113,0.45560405
0.658211443710833,0.5356913
0.6907054527315607,0.45448738
0.7656659382031769,0.5052258
0.6670983436917733,0.561463
0.7331104140717285,0.5368857
0.746432114671595,0.45552528
0.7016954149751619,0.46742022
0.7065485581081657,0.4531018
0.6401637120845681,0.55672467
0.4842709050876285,0.520011
0.3265212236505131,0.5296452
0.2989171706374361,0.40208828
0.4877061824068612,0.41281036
0.6621097936407633,0.40069884
0.565356914195641,0.43584937
0.573948010728102,0.49842313
0.6306658088570288,0.50013626
0.6378952749368124,0.5566703
0.727215505225895,0.549794
0.6431555709862115,0.5760924
0.5864371386901376,0.51363415
0.6155005033569886,0.5996002
0.7339821449229048,0.4618344
0.8052137624593231,0.43323544
0.7566945252339593,0.4801674
0.6954974120082941,0.48844135
0.7223730442389679,0.45499924
0.7076636492661518,0.57284373
0.5136127987524665,0.46937534
0.4642074995516435,0.6281408
0.3769997836690183,0.5644219
0.3456448460689171,0.5818665
0.3163164619997912,0.4799074
0.4726042429950486,0.65849245
0.6027717015239623,0.4746035
0.7829954125564319,0.5099767
0.8677723136765626,0.5304489
0.8630585076953236,0.57973903
0.8153594908897138,0.47245142
0.7034269999224535,0.6256334
0.5627704564810704,0.4579115
0.5493651226459458,0.3973208
0.5494621574895721,0.38809043
0.5643909567991502,0.39700076
0.4706777291970078,0.42824835
0.4468502312462942,0.4236054
0.3864553332662735,0.38991654
0.3881277516774516,0.3158181
0.390993952463415,0.35088742
0.5171507117506237,0.34191826
0.4993706411704438,0.34628367
0.4891020811996173,0.4130565
0.4609362354051821,0.3908169
0.4462046036038146,0.4259265
0.4067946768573284,0.48588616
0.4886532850854307,0.42563266
0.518133469585003,0.44763255
0.5303163430966017,0.4559187
0.5149706798304118,0.4884271
0.5812986988170264,0.32593647
0.5064067010209014,0.42163837
0.4070871321209149,0.33137456
0.5318271033215253,0.38587195
0.5552123787477324,0.43512622
0.5899707952912069,0.40529665
0.5739172974672287,0.41741848
0.5525570375891474,0.43357188
0.4820314782522802,0.42242557
0.4142455715244683,0.43543786
0.4480300965031142,0.45727405
0.4720751150723826,0.4181289
0.4373298178397876,0.3210021
0.4521620820943729,0.37670425
0.4695547735737068,0.32525054
0.4542719335300639,0.34686133
0.5621860787082505,0.43814433
0.5441780518665359,0.38318136
0.4615900953115027,0.3122753
0.4246946071032812,0.30297354
0.5054092510950857,0.29837793
0.3654655075772101,0.3306049
0.3223516467624375,0.31785962
0.4089300646601276,0.30673432
0.3975118885927321,0.21680747
0.3944733836027158,0.30947566
0.3915308726107588,0.29946485
0.4144931365503387,0.2904813
0.3437017851234191,0.32980266
0.3387347906748544,0.30461115
0.4372126017194976,0.44261566
0.4368548155033455,0.44616896
0.3949343410612552,0.4184205
0.3484171732162821,0.43027896
0.4290877948167907,0.4600059
0.4452899517011489,0.43456155
0.4567237561155425,0.3497865
0.5218369390292433,0.410842
0.5707633102018933,0.36287543
0.515637958901712,0.3738022
0.5032305175899673,0.43367258
0.5529834271629149,0.38423333
0.5875614721833186,0.50747204
0.5330612877899227,0.53680277
0.542387089778405,0.49463186
0.5439299435701938,0.5312394
0.5431331471060089,0.54438925
0.5909651174302123,0.536703
0.5847312474125871,0.4155373
0.6075260176093932,0.4781479
0.6212777148912395,0.40404856
0.6003486078681749,0.43862024
0.6222250945915114,0.52111
0.6689606351743776,0.45888788
0.5824371554016093,0.5110475
0.56312653598086,0.52231
0.5759192770723857,0.49543008
0.5201259644988879,0.50672907
0.5407806615548819,0.53471404
0.5850131261534971,0.5019487
0.6209353570643213,0.4002154
0.5529206349285843,0.45557752
0.5904353825191514,0.3950862
0.5795399133313374,0.4147764
0.6254672314300013,0.51448303
0.6418554410618519,0.43878123
0.5578642914252515,0.5452157
0.5965788836176947,0.5652948
0.5980839601441797,0.5406709
0.5799690120335145,0.53935796
0.5931315077621627,0.5677208
0.6180958837543856,0.5257159
0.6306788698737508,0.44685847
0.6285527589470318,0.49890417
0.6748983116702602,0.44360852
0.7116685857912141,0.47181335
0.6772471517126702,0.537209
0.6224691432382988,0.49375904
0.591704422900536,0.66544604
0.6678325222574583,0.7463246
0.6945899593434149,0.6572688
0.8079915381791113,0.6967181
0.777538600219943,0.69469357
0.7659553486678438,0.73584604
0.7760775909411896,0.57230353
0.7969615943921929,0.63808864
0.792878590926284,0.49512094
0.8360749230933476,0.6045504
0.8295540187117291,0.6411633
0.8863680430492372,0.6176257
0.8787349247026076,0.64422566
0.8711767711992137,0.6861914
0.8930383818181226,0.6658429
0.8666585357019595,0.71451145
0.8592542811894647,0.72296685
0.8045449345075065,0.6847075
0.8179284982061231,0.537329
0.7850350922369967,0.58737093
0.8078168184172544,0.5216412
0.8039633827351392,0.5629101
0.8239444219833353,0.67079
0.7985412845208467,0.5965533
0.8448623962793832,0.33832088
0.8312148298182883,0.41250435
0.8252423486679715,0.40570623
0.7853747656218933,0.5453908
0.7028624020310014,0.4447691
0.5809189748645237,0.48797405
0.4862534598668505,0.27224445
0.5002217349090038,0.3645689
0.4681771993567213,0.31529906
0.4498305677182027,0.37381262
0.4530045943373278,0.41805482
0.51422745157041,0.42383566
0.5341427558842166,0.46645716
0.5449517127824776,0.52163726
0.4783573269310343,0.48558077
0.5447397821602539,0.5256193
0.6355429389935424,0.5225358
0.538460076116479,0.5167333
0.5508161336842113,0.39196593
0.5365514597461204,0.44614142
0.5982096029155529,0.3736673
0.6054046355771309,0.41614544
0.5788944394914232,0.4792282
0.6313047407791154,0.4511516
0.6152877712563901,0.6368992
0.5930961529716433,0.69764745
0.6200665151158183,0.65213
0.8173810710410071,0.68501765
0.81110071408429,0.6955164
0.8140863274918316,0.6935019
0.7972087885817377,0.5674997
0.8046966965753607,0.6064911
0.8010464478609153,0.4956795
0.8106072623887947,0.5680232
0.818604624413987,0.6506809
0.8011490977321235,0.5889984
0.8156707872047994,0.68263364
0.8103877011566324,0.7274223
0.8233627587259994,0.6907881
0.8206068070244922,0.7259141
0.8380549885099781,0.74373597
0.8399232688514847,0.7066533
0.8108638467285646,0.57825774
0.8253258738180446,0.63272864
0.8619387749563269,0.54305476
0.8699752448718719,0.5963654
0.8666683062910759,0.68825126
0.8351758790839056,0.61949754
0.8395756127020496,0.6719766
0.8613060188717919,0.71304256
0.8659586435001311,0.6850611
0.8734207678286513,0.7277908
0.8466414135726251,0.7391188
0.8429225662627223,0.7035062
0.8469348279082888,0.5676642
0.8375997516155821,0.6142618
0.8601377025911877,0.53869975
0.8306636833164375,0.5866599
0.8419090419937784,0.6890794
0.8241865368445075,0.61195046
0.851000706834853,0.6764727
0.8667312639117107,0.71952283
0.8593807378435477,0.6938308
0.8446959741050156,0.7240922
0.8588381024873416,0.7504171
0.8308306745715411,0.6992559
0.8446098905203708,0.5667296
0.8444867941583373,0.61781913
0.8555054347224592,0.5489657
0.857776001805345,0.5892362
0.8611707919445099,0.6922465
0.8173273257175694,0.6152811
0.802134117817039,0.6703551
0.8037569945390935,0.71456736
0.869552238705059,0.67717576
0.8830710347314813,0.7228266
0.8620133384752012,0.73120874
0.8669503123198617,0.7145112
0.8815704592181691,0.5620542
0.8591331557844856,0.62582844
0.8401515821312832,0.5390606
0.8357533887694432,0.59239435
0.8268718203396842,0.6816797
0.822053001675081,0.6057041
0.8481749127811361,0.62117434
0.8612638275496588,0.6507471
0.8752272389030388,0.63894045
0.855126133256182,0.68949234
0.8283194580089245,0.70238256
0.7989582306056108,0.66210574
0.8421631172081484,0.5151405
0.8491702858794717,0.56971306
0.822011553442996,0.5270733
0.7613819041912887,0.5501312
0.754818693599116,0.6541937
0.7478309918891087,0.56820613
0.772604236179694,0.6573271
0.7956507394648525,0.69679224
0.7886616633997056,0.6608314
0.775919342182514,0.6905161
0.779761791344454,0.71357226
0.7804308101369813,0.6743594
0.7858989961281656,0.55201465
0.8126496464172762,0.60553724
0.8424699949879858,0.53270876
0.8380596995371897,0.5755166
0.8168305166748732,0.6619526
0.7975363883319598,0.5964924
0.7761081748461892,0.6775806
0.7670331476468987,0.7234595
0.796004980502769,0.66961986
0.7729919493746759,0.70575124
0.8006093512810387,0.7303243
0.814093368014481,0.7101636
0.8267326157797094,0.5609961
0.8322855230831113,0.6303879
0.8326876584360187,0.53279185
0.8311921706074682,0.58623105
0.8332503419622398,0.6752158
0.8595161845036324,0.5979457
0.8449712195361277,0.6226647
0.811275620903053,0.69390583
0.8103090470917041,0.6454053
0.8099378988221481,0.69567525
0.8044513991785386,0.7018839
0.774663032072136,0.68154407
0.7713587166723325,0.51984906
0.755864367272188,0.5874485
0.750669863954826,0.49997365
0.8134053884709621,0.5565168
0.8217253896721689,0.651218
0.815757872718433,0.59428775
0.843986610553029,0.2893982
0.8039663632058839,0.29185513
0.832458212839197,0.37671837
0.8532735415785856,0.51495564
0.8142622944371302,0.42078716
0.7373111916441036,0.39873448
0.6841295239865536,0.23632807
0.6207353566508976,0.3029575
0.5606549229355368,0.3384551
0.348389513656156,0.30852264
0.2893829328342713,0.40856785
0.3075250012042757,0.33020052
0.3341847247361019,0.28210732
0.3613365110711323,0.33223227
0.3184123991474176,0.29498902
0.3233458682688955,0.31652215
0.3240935983259719,0.28988984
0.303102081729567,0.32472256
0.2380948541581354,0.20845523
0.2101628174240707,0.2805778
0.2278705176247951,0.18917654
0.3204809943828778,0.2618343
0.4280665698521052,0.2870194
0.4332751097631314,0.31051332
0.4037969631304275,0.30071777
0.5459092815138039,0.31507966
0.5250613956242333,0.34458318
0.6211169392585564,0.38483438
0.5285435473350458,0.30424932
0.6216633061014695,0.30517328
0.5465372578146624,0.2412849
0.3206535115091456,0.2826732
0.4048992576652569,0.23324071
0.3569052163885547,0.27263474
0.3528961065912562,0.32729247
0.3142450054818894,0.31160796
0.2925243714825324,0.47091958
0.3674832635241588,0.46170187
0.348319487147864,0.43687725
0.3173644457271277,0.38798004
0.3368390084623079,0.46949986
0.3091689213089027,0.4252338
0.3885279011337975,0.38000593
0.5817527833931136,0.42358905
0.5697084159155895,0.40535903
0.6050638196318113,0.41670334
0.5832165864721567,0.4386186
0.497143704095449,0.42345807
0.5426553215134041,0.5344923
0.5809689987416428,0.5558223
0.7448864649552619,0.52307916
0.7790993136944152,0.5964598
0.7330061687465524,0.5554133
0.6676126967014452,0.62210983
0.6277168789841542,0.44977796
0.6608524055671913,0.515829
0.650593055216535,0.40281808
0.5762567759298819,0.49699607
0.631432096218926,0.5181354
0.6888043712156934,0.4952201
0.6830758045672335,0.35391828
0.5335243654342664,0.37316242
0.4074182935077802,0.37792137
0.3444345535346723,0.41727105
0.4484178752394353,0.43327036
0.5597155468131251,0.34367174
0.5375546571115392,0.2677716
0.490567408593867,0.343913
0.5285868891019311,0.3504095
0.4954692318200485,0.2917209
0.409013984583244,0.42732966
0.4398019092244899,0.32772705
0.4501317147186291,0.42852834
0.5208093210709644,0.44520622
0.4616850817953822,0.41870686
0.4278770626249396,0.40801293
0.3769102077753062,0.4289892
0.4993573201052909,0.3845708
0.5537337448389433,0.32897407
0.4785900910330741,0.38587898
0.5244558025373259,0.35812575
0.56429174190897,0.36141717
0.5069005657113331,0.43278182
0.4879269479215259,0.39127892
0.5135262602368432,0.32684577
0.5266500863006794,0.37014073
0.559872366052021,0.3639601
0.5767545709421186,0.43906713
0.5983337322816228,0.38484323
0.4753314340045226,0.41386786
0.4463636624149368,0.26348323
0.450213680291076,0.3455196
0.4429816453498861,0.30137548
0.4575515921678058,0.34096253
0.3956941718681627,0.35869738
0.4219102875493074,0.3682124
0.4716779732129458,0.3401272
0.427207499302313,0.37255052
0.4180236845660742,0.35912323
0.4176989959406768,0.38842785
0.4684590513884937,0.38925534
0.4460660796609198,0.38077003
0.4392319616529124,0.26050878
0.4459901720817275,0.3406846
0.3977357088072862,0.2979081
0.4333623594474661,0.31526324
0.4413108339372859,0.37177584
0.4390579344954458,0.34073317
0.450463879974066,0.4128665
0.4224854990076895,0.41312763
0.5138564151416934,0.4116823
0.4850535984580227,0.433903
0.5527118402049661,0.43680835
0.5085492741003367,0.43810478
0.4719098030956244,0.32377583
0.4781881425401822,0.39175367
0.4641493779188356,0.32438195
0.4525863233019945,0.36233565
0.5214107219409868,0.4105892
0.4944896386577452,0.37244174
0.6164282191295042,0.48765057
0.5856383023448907,0.5410811
0.5804590709763023,0.50645965
0.6425097604093716,0.5665749
0.6678737811750816,0.54611367
0.579188026458121,0.56659704
0.5256590041806716,0.41389787
0.5243444479905116,0.46217725
0.5677787008683804,0.35826963
0.5547041116071493,0.4340602
0.6556284527530957,0.50713557
0.6962446214132844,0.47513714
0.7203942190068519,0.5994296
0.7471403107970035,0.6311896
0.7336629564268818,0.6035315
0.7132785965625309,0.617353
0.6741971424145371,0.6469669
0.7130149951513233,0.6087997
0.7172242137761978,0.4905689
0.724745227386767,0.5410655
0.7071340964896374,0.469719
0.7073340234773898,0.5148933
0.7822136619990409,0.61114746
0.73500208178438,0.5409703
0.7635884807681258,0.6012023
0.7205344720998287,0.65145946
0.7550638601578551,0.6177108
0.7775796295661642,0.6657489
0.7864743360692458,0.67360914
0.7793427014441298,0.6546928
0.7517176987762738,0.50814635
0.7960633935122156,0.5783672
0.7643138340867525,0.49970052
0.7819832056594614,0.5465571
0.7656434475534325,0.6249693
0.7454356877375622,0.56453145
0.7374944788303434,0.42954198
0.7065263559990459,0.5146559
0.7629363254404552,0.4702619
0.7461562397853531,0.5708052
0.7423399532990037,0.5141765
0.6041134955230222,0.5714018
0.5692075892853395,0.34129098
0.5547553029340814,0.44469735
0.4769918402328291,0.34731317
0.5379934675130916,0.43042555
0.5818191515823309,0.46985632
0.6491167335706493,0.46507937
0.5807329188884557,0.5330386
0.5314393150804732,0.5374562
0.5615972432402317,0.51333773
0.5401388774967689,0.51600504
0.4789658653338872,0.56481165
0.4717646687120146,0.5373507
0.4895851314187952,0.43892524
0.5669609285698151,0.46405786
0.582392521460327,0.40535894
0.574810941230174,0.44465038
0.7269095494237322,0.54277635
0.6779366841002804,0.48112696
0.598750984047823,0.63851404
0.4366789758336958,0.6716509
0.4313488562263189,0.5923216
0.4314527410857532,0.5616495
0.3969588124045816,0.6620591
0.5064626029225575,0.6033379
0.5483241341812594,0.5354841
0.6265635393854984,0.56508315
0.6831651189376379,0.4856237
0.8037501741748257,0.5129532
0.8803468289059911,0.64189684
0.8355040971200977,0.55979687
0.8000033068439388,0.6316736
0.7883857623228535,0.6634404
0.7828156148053281,0.6468501
0.7811816139694624,0.6754012
0.780978019442847,0.70136017
0.7908679306788539,0.6470705
0.782150128077386,0.5317012
0.8064870933445337,0.58006346
0.813417847063317,0.5217954
0.7991899578305407,0.5513166
0.8039105353695003,0.65487415
0.7493596722665005,0.5756806
0.771043996732493,0.62617785
0.7778145800337247,0.6738922
0.780742351457043,0.6317616
0.7839187051978681,0.67331666
0.7704978203487279,0.68572444
0.8060419319208828,0.66397166
0.8216301079813809,0.5175156
0.8051328924103488,0.58454406
0.7837704634812194,0.5029141
0.7687582119825099,0.54822457
0.7706267110613462,0.6423976
0.7909225602410771,0.5648346
0.7799179116306524,0.6086383
0.7878833622308689,0.6512384
0.7789657332228365,0.62518066
0.769878537342738,0.6567448
0.7592698093579927,0.6784035
0.7367556304971935,0.6375508
0.7573021979060889,0.5067865
0.7756516621942181,0.5618093
0.7678300643168751,0.50451964
0.7804180781990994,0.5395025
0.7774121126253265,0.63125217
0.7410419500335,0.5671759
0.7310712282032549,0.547138
0.7125096735443676,0.602984
0.6982892669988862,0.56572914
0.7352274756257599,0.61890805
0.724190204819109,0.6191023
0.7249981217979798,0.61240035
0.733398806111096,0.45147276
0.7147285046895061,0.518308
0.6699624760103181,0.43807343
0.6516762003670785,0.48596874
0.694259808081718,0.58109754
0.7314573706416584,0.5110729
0.7249938306863534,0.58216965
0.79167713920475,0.62341034
0.7609676139144957,0.58789796
0.7231658375940543,0.6219611
0.6880096117708784,0.62484515
0.7517419090530156,0.6017342
0.7294178278564311,0.47384074
0.7410208078821462,0.5442951
0.7326888797288388,0.4683546
0.7178234527530726,0.51771474
0.719117764134528,0.5884967
0.7146365630351169,0.5346598
0.7656627466018288,0.4798008
0.7197396144035374,0.52959883
0.6930027544104628,0.5108728
0.7037757036081899,0.5880254
0.6892691587841816,0.565328
0.6895435661696233,0.543216
0.6726956729730341,0.40153852
0.691067418924132,0.47521454
0.6893142219158791,0.44003192
0.6653024587352961,0.45307824
0.572794183306118,0.53515375
0.6072405038147283,0.48145398
0.6174102401145382,0.5887272
0.6500475808501766,0.63101125
0.6866803911828933,0.5837328
0.7080794108104255,0.61275417
0.6739318321137954,0.6241091
0.6435525576905058,0.62449354
0.6649649734720645,0.49416608
0.6917586550013125,0.5472072
0.710403043851965,0.46316087
0.7377539464227757,0.52594656
0.7425170882444415,0.5838882
0.7402920349671541,0.549401
0.7684656564789435,0.5617058
0.7702156459741029,0.61413616
0.750089713733472,0.5916824
0.7570758092239166,0.6461341
0.785384665670836,0.6371177
0.7430396143689556,0.60606325
0.7175052874322693,0.4748748
0.7274669970991826,0.53963137
0.7606188158540191,0.481457
0.775031925977938,0.51601964
0.6989944151408177,0.58879524
0.6847151168160254,0.5453036
0.7654716455300962,0.6034011
0.7694583571494765,0.6378706
0.7663709337520374,0.6114264
0.7677601685023635,0.646848
0.7227249942223058,0.6656389
0.7579853082795937,0.6240271
0.7970597799349451,0.5017653
0.7925642888462577,0.5558292
0.7876544306785548,0.5083557
0.7687925495743501,0.5301322
0.7364684726731502,0.6308593
0.7268204573005036,0.5525562
0.7426381271541264,0.4301185
0.7681429091382624,0.45621547
0.7028594742631048,0.45174044
0.5901962475135843,0.49518093
0.501432794213195,0.48865563
0.4642648553757441,0.44820684
0.4757363874466441,0.33562872
0.4737802258499745,0.38066962
0.5319556387316776,0.36877126
0.5382699894489958,0.38394752
0.5751357699097789,0.47365746
0.5482376520189803,0.4430694
0.5994576549200251,0.5370106
0.6058305876945976,0.59410423
0.5787078925417216,0.5401359
0.6257856822609699,0.5721165
0.615978328510551,0.5828483
0.6294905700533796,0.5829318
0.6315789794885155,0.44694507
0.6594626293049922,0.5115035
0.6432905170016029,0.4222953
0.6668593292454367,0.4803224
0.6866092038922876,0.5476382
0.7130155613850498,0.5050678
0.722391228676145,0.6292029
0.712440598719105,0.6646815
0.7300787476067238,0.62540543
0.7243348354823148,0.656731
0.7327442092514712,0.67494965
0.7379828385204109,0.64663637
0.7455819654606078,0.525684
0.7240898624156314,0.57550746
0.780121641227966,0.4938424
0.7788535500225703,0.5383023
0.7825713302938601,0.63250965
0.7873026003555773,0.5641326
0.8044889182665188,0.6000221
0.7774026089637179,0.6435759
0.7614352849459961,0.6271969
0.780517857334495,0.66287833
0.7863677450164696,0.6823213
0.7526583687008263,0.631033
0.7634244544352352,0.50665385
0.7597193782639088,0.5534093
0.7703569855774425,0.50177133
0.7817780511883367,0.52837014
0.7768725587209514,0.6360586
0.7298943294389114,0.56376195
0.7671072310616728,0.6346375
0.7995586503330631,0.6896914
0.764379446971145,0.64486986
0.7684761921185391,0.6732772
0.7371894339895589,0.69667494
0.742874552072497,0.6657213
0.7494954294961352,0.53231007
0.8017924287348349,0.58985233
0.7897355832433534,0.5141065
0.8135772294842653,0.56667775
0.8179279980188098,0.6478024
0.7916428737019076,0.5934982
0.8043940343119772,0.64432585
0.8161852400239741,0.69570255
0.7999952119560535,0.6564515
0.756412815342738,0.6809158
0.8059763687260025,0.71008855
0.7984675626553431,0.66811216
0.8102396404347544,0.52517635
0.7985616442338738,0.5970392
0.7801047982804753,0.5154005
0.812141815638454,0.5593388
0.8218386939138952,0.6523696
0.8007144728004626,0.58001494
0.8164517062556039,0.6079443
0.7712600339409369,0.6356007
0.7665773742167911,0.62922204
0.7427800471492373,0.65347195
0.7770795075520786,0.6785891
0.7735646721565389,0.6124246
0.7537384312291807,0.50490266
0.7060089737145278,0.5473081
0.7511371022420442,0.48791763
0.7556240762709142,0.51169723
0.7978446187645382,0.63596535
0.72999316805188,0.5491441
0.7592003179423327,0.60132873
0.7447512764162477,0.6480783
0.7428587301820847,0.6086989
0.7312932281264651,0.65207875
0.7509247527743045,0.66826695
0.7402022354210988,0.64477277
0.7544701754416082,0.49693963
0.7748915091410714,0.56526864
0.758840050482731,0.49211758
0.7512865792624287,0.53161037
0.7453302072260403,0.61926794
0.7654097698729102,0.55030966
0.7694073204970672,0.64257056
0.7481918575563583,0.6950347
0.8131698951157175,0.6437493
0.8146018106575891,0.70024073
0.8228823326759643,0.69795424
0.8176238368897221,0.7007721
0.8049705815024221,0.53650624
0.7910648103851013,0.61026466
0.7910876943158985,0.50509804
0.7961619585509686,0.5700987
0.7930970313224345,0.64745873
0.8283165597005769,0.5845689
0.8263461688204451,0.6479349
0.8249813819579092,0.68196094
0.8591367768514068,0.6638848
0.8341607496275681,0.7056469
0.8829003580372582,0.71585923
0.852867904216207,0.67803246
0.8487342605952913,0.5362616
0.7980872827100652,0.59555054
0.8152255226171031,0.516795
0.7908934615561517,0.55811524
0.8048945185210489,0.6601822
0.7881104544554608,0.5768111
0.791993531860614,0.65168756
0.8262066986586439,0.6888846
0.8337831828562062,0.66472936
0.8246314163717984,0.69441956
0.8131580521555418,0.7087004
0.8066291084958367,0.6641277
0.8136766587727559,0.5472762
0.79000929798893,0.5951646
0.8334296234711988,0.52869666
0.8406573839719617,0.5694817
0.816677761078446,0.6612525
0.7717247607351349,0.5967308
0.7935650360738548,0.6510853
0.8110503283949692,0.6953224
0.7982265475037903,0.66509336
0.8058782522234348,0.6888853
0.7973027698701475,0.71602404
0.8150667061522733,0.6719816
0.8231061774949685,0.5434481
0.8211413575197485,0.59725887
0.8058701730308394,0.5223131
0.810825262036475,0.5663504
0.8347099583056391,0.6674124
0.7920850384642267,0.5898626
0.8013653002706204,0.47364277
0.8254822346943843,0.49684218
0.8261144062364773,0.52147007
0.8157121644387638,0.5916275
0.8271317723642065,0.57337755
0.8107812304168284,0.54095405
0.8191862658820938,0.37593278
0.8004693846313374,0.45834783
0.6719810277195889,0.43690816
0.5523638070090887,0.4410506
0.5468750936903602,0.53391397
0.5470124500953889,0.44261324
0.5822426472087722,0.4371869
0.5859477630610207,0.4846951
0.6258974105009104,0.45985565
0.6848396140588883,0.51629853
0.6198056817019665,0.4822799
0.5797533954573076,0.5055915
0.5826353829079453,0.3589757
0.484795621458063,0.41208196
0.4967472300256098,0.33500406
0.5152064195395437,0.39540115
0.5734468352256367,0.4677931
0.5956236858323357,0.43783766
0.5933173990306589,0.618464
0.6192664157365312,0.6974049
0.5797704382573875,0.6217747
0.615243724463652,0.6098718
0.6446800713272519,0.6476489
0.6213936651316895,0.63040173
0.6141444779123003,0.51694053
0.5967050681467564,0.56977147
0.6437726417809423,0.44538248
0.8160187867562122,0.5339005
0.8731456898946567,0.5990754
0.8130365030695222,0.5820713
0.8049334358666426,0.6366874
0.7998045418406597,0.6704836
0.7984263902427972,0.6491535
0.7966230340800432,0.6829132
0.7799943694168602,0.7048171
0.7756014140496151,0.6512931
0.8013068777270879,0.53749526
0.8012138137031201,0.58207476
0.8385365086477593,0.53418446
0.8321772054374371,0.5567397
0.7903337413390846,0.6607635
0.7559358798676233,0.5856038
0.7549068173656727,0.6022846
0.7682549929191415,0.6507737
0.7531895670928751,0.6212565
0.7826493813779843,0.65714854
0.7550243829586439,0.6731189
0.6875011971894923,0.63813317
0.7415628223230516,0.5103252
0.7311687441158768,0.5495027
0.7671019851387207,0.49742782
0.7888923160942493,0.5334321
0.7688567571642974,0.628257
0.7489488448502329,0.5736747
0.750785433610848,0.6071473
0.7228410619951912,0.650507
0.7368066510788688,0.6242436
0.7704711758373487,0.663412
0.7902273196667581,0.67609465
0.7911045229060075,0.6424625
0.7783143798455948,0.51402915
0.785004686844189,0.57308936
0.7838270148625325,0.5018779
0.7859971661077053,0.5389351
0.7627159469673713,0.6298295
0.7381829869469719,0.55971384
0.7203111374706078,0.60115016
0.6994421275537442,0.63579136
0.7118192401330438,0.6149797
0.7488544851310023,0.6430614
0.7726943419061479,0.66932327
0.7777729426644951,0.62816447
0.7997319767706651,0.5037514
0.8000103860459239,0.5605738
0.77179607042061,0.5001204
0.7576423526657218,0.5261288
0.7456542520633805,0.6245491
0.7196552389771061,0.54145676
0.7464170461623164,0.57676005
0.7084319776342182,0.6340119
0.7017275878133832,0.5953706
0.7358396954699272,0.6376799
0.7334024475804207,0.64925444
0.741814407472866,0.62442946
0.7442650845114817,0.48335624
0.7483144786045771,0.5494409
0.7237034898457163,0.47770914
0.753086452131681,0.5168041
0.738390189923369,0.608394
0.7336982633610839,0.5441306
0.7362769886383597,0.57814187
0.718150060113287,0.6192023
0.7322774432769631,0.59573054
0.7422798908731009,0.6401289
0.7737213740342158,0.64257365
0.7422545618601403,0.6154525
0.7308987874829803,0.4842765
0.7079524407355356,0.54176253
0.7379726476647227,0.47074243
0.7382413395930346,0.50984323
0.7248959262829563,0.59757686
0.7165454985552177,0.5365774
0.701282144696379,0.59120286
0.6723317697613754,0.61801183
0.7074060747119987,0.5907462
0.7084920672828935,0.6148227
0.6785597993478142,0.6484701
0.6838076113553523,0.6077914
0.7423025391948125,0.4922218
0.7656406625938216,0.5444359
0.7548801005708542,0.50321394
0.7648887553449685,0.51970625
0.728858599439704,0.61321753
0.7024405309732017,0.5405819
0.6782676874470704,0.5884482
0.672560646978205,0.6232816
0.7036440235162357,0.5890687
0.7125933335755951,0.623547
0.7006715364686354,0.63503546
0.6982331628317638,0.61657286
0.6989167027539999,0.49351457
0.7125611843463485,0.54784924
0.7370725630445244,0.47422522
0.740822153633735,0.51920694
0.7342150583637596,0.5963656
0.7258449230833403,0.54163253
0.7532042434364298,0.5828423
0.7159380898339399,0.61109155
0.701589170585967,0.59173566
0.6599689929205331,0.614849
0.6924153450942309,0.64342594
0.7025373832676943,0.5894724
0.6831051936467704,0.47982332
0.6957474727401732,0.5334764
0.7230344866787698,0.47362953
0.7276501434619868,0.49899718
0.7524325220869691,0.60196877
0.7097586136043569,0.5283675
0.6786325380859067,0.44915068
0.6507811377178695,0.414948
0.6870930656925903,0.4964877
0.6896845255480831,0.51153135
0.714579405155812,0.52660483
0.7320501010724504,0.40518168
0.7262298507463721,0.3803712
0.7175055328285894,0.4161657
0.7408014890623172,0.47659257
0.6814738672174329,0.4085433
0.5107013404206601,0.508981
0.325600450533181,0.4236332
0.264367215568498,0.19889203
0.2970616675525138,0.23632008
0.3598302335274158,0.17842846
0.3084141871619555,0.2668737
0.2233243340182246,0.1665547
0.3214189298408098,0.2790323
0.2109362400306674,0.12595464
0.1807172969731764,0.24453825
0.1995455330508045,0.13961388
0.1977514854751153,0.22000681
0.1925214144535779,0.19287938
0.3587144706835278,0.23499243
0.3230729463530156,0.23101544
0.3569826614712011,0.2504691
0.3902504037830326,0.27190346
0.4541974767609195,0.29925895
0.4227925635839474,0.26260176
0.3274200286070542,0.2743104
0.3211582604875936,0.17881848
0.2682684772885365,0.23212913
0.2567167432260843,0.21109618
0.3132027585153932,0.23929478
0.3283835911233047,0.26600942
0.2567369948282535,0.28234679
0.2602634087182526,0.53802687
0.3684411293078126,0.54810023
0.3271643003991061,0.49172798
0.3921402636453638,0.4539568
0.4245644028868699,0.5003109
0.6165360775345442,0.48366067
0.6273544774546448,0.43639112
0.6238300679105665,0.4949145
0.6445791518828802,0.39359835
0.614255619251952,0.4393083
0.6073099599557378,0.48573884
0.6274961244001823,0.42763978
0.6183829189573132,0.42311895
0.5816192328959379,0.45323676
0.5881644444054946,0.43794662
0.5702369181057699,0.48327368
0.555319658331264,0.49655253
0.4514210216979392,0.4761997
0.5572662355543448,0.33747318
0.5794036883028942,0.3972279
0.5499127472030868,0.3927321
0.5568983975082139,0.39044806
0.5140376483903389,0.46912915
0.5402094355217962,0.4235298
0.5116663847902151,0.44183198
0.4842333219197313,0.44212794
0.5074692255710459,0.45988366
0.6346396099767047,0.5211986
0.6452291195605415,0.5002202
0.6586733187955769,0.4773136
0.6422695324951047,0.35813752
0.6713456590261409,0.4228466
0.6692944781918877,0.39344475
0.6400466443573554,0.39986333
0.6491513165656233,0.47269496
0.6453498644191593,0.40435475
0.655965600897233,0.53746325
0.6875030200317349,0.5688609
0.6184867547398176,0.5511911
0.5877391790794309,0.56658983
0.6394848057699063,0.5836435
0.6127793944235709,0.5404354
0.5598534743017183,0.44334787
0.5835906247794811,0.48793393
0.6523014159918166,0.4151818
0.6536946763566021,0.46109378
0.7141393881159557,0.5404897
0.6667643591619186,0.49819618
0.7623352906466199,0.505513
0.759559518642936,0.5435329
0.7751956427828088,0.51915675
0.7296259320732998,0.5883253
0.6873822647633521,0.5841852
0.6496457213172513,0.5819226
0.694176975091997,0.40323249
0.7419481615932368,0.48316196
0.6547261725834521,0.44141552
0.597721619023468,0.46886536
0.6053628669942968,0.54610485
0.6595545250282102,0.48276308
0.6686164596267488,0.5638554
0.5096234123195087,0.59046596
0.4484217815626867,0.56670153
0.5082776428966729,0.563962
0.5932288959007082,0.6407784
0.6339781108472935,0.5496881
0.6990153361300275,0.47417647
0.6820276576362585,0.5066146
0.7122847540082615,0.4739772
0.7247379280220088,0.45101124
0.7239837638304412,0.60971785
0.7024321252595969,0.48881248
0.7124754640419626,0.56170607
0.756474792816122,0.6143236
0.7419717186383417,0.5805719
0.7433948748152606,0.6140561
0.7118424064020852,0.61821324
0.7137046475897488,0.5973901
0.725162261055583,0.4615798
0.7136907333499347,0.5277711
0.6920190260030679,0.46000943
0.7260392901338899,0.50741583
0.7170374501946442,0.5799436
0.6944258532695562,0.5345388
0.7111620436518558,0.6809598
0.7997847329178995,0.72527945
0.7883285370043742,0.67378455
0.7796640437770779,0.6911214
0.763580588154261,0.7134599
0.7723675261496918,0.69303393
0.7838129323595417,0.56733775
0.7853061945685913,0.6177246
0.8224161273380197,0.5167048
0.8256885255085651,0.5878687
0.8545130762353814,0.6617178
0.8459558351189207,0.6081638
0.8261120749973361,0.6085019
0.8111554184076839,0.65915114
0.7472717613521787,0.6294312
0.7449463223724364,0.66480297
0.7457539973925762,0.68758845
0.7634330873163684,0.635803
0.7605342308906837,0.50757563
0.7738450345477537,0.5622284
0.775438781076514,0.5003977
0.7731455035720143,0.531057
0.7851213616314596,0.64240277
0.765570807920481,0.56455785
0.7851678933415331,0.64612645
0.780498558490641,0.6944266
0.7707477132587575,0.65188533
0.7668996316703067,0.68785894
0.7837375004943228,0.707965
0.7997536189304797,0.67675
0.7990031418493619,0.5382731
0.8008150104353362,0.6001805
0.8064962390676613,0.51437426
0.8032330906383258,0.56143045
0.8102382168970066,0.6575638
0.8151326901771285,0.5823548
0.80700860914442,0.6046709
0.7998009413105076,0.6554724
0.7689956894540706,0.62517905
0.7609324764991006,0.6655061
0.7821947651020063,0.67674536
0.791458746988043,0.6348387
0.7894513949687343,0.5007856
0.7603457793222841,0.56407243
0.7705194593261147,0.4952097
0.7774450614057606,0.5291012
0.761960793125247,0.6307094
0.7546851625085518,0.55751276
0.7648421625736614,0.62421733
0.7794663588178707,0.6801784
0.7780968428703705,0.63594604
0.7870948638966007,0.68048435
0.7913120902096749,0.68433034
0.7955460779701315,0.6681232
0.7829592385165678,0.5217106
0.7809635930670549,0.5892186
0.7822471703260931,0.49855
0.7917840069502304,0.5555753
0.7826787896734659,0.6350831
0.7905720845259081,0.57673854
0.8093784464060509,0.5903258
0.8197276834523883,0.64548737
0.7851686484257137,0.60881066
0.7503663102821974,0.65459365
0.7593021911825688,0.66296685
0.7327747528349078,0.63312525
0.7489602957217074,0.48269543
0.7355895018082221,0.54957414
0.736830426232618,0.48151806
0.7480389828253564,0.52196443
0.7476720456471861,0.61444014
0.7599265181779717,0.5530022
0.7366197610349805,0.5891408
0.7230017417315557,0.6285962
0.7255028074065892,0.5927744
0.7106745816771758,0.62953067
0.6866160039754203,0.641078
0.7193666578189366,0.6108848
0.7154807442080791,0.48954928
0.717312620337462,0.54803026
0.744077944508267,0.48081273
0.7539010011249792,0.51736987
0.7373469721011809,0.60632443
0.730841127608187,0.54463035
0.731644799289835,0.5839019
0.7192193976483137,0.6315839
0.72844667083301,0.5900187
0.724144788521881,0.6362361
0.7199863416585144,0.64236856
0.707738591035934,0.6302555
0.7100254592486128,0.4841247
0.7154012400673828,0.5475668
0.7208722615536232,0.4673638
0.7235256047835059,0.51671934
0.734453034964488,0.59978485
0.7554720743887682,0.54195493
0.7589654617570996,0.5448372
0.7713895270388553,0.5954876
0.7462870223004296,0.5607383
0.7213764676151588,0.6199321
0.7098847957419903,0.60588855
0.7400062850364111,0.592928
0.7063286534320681,0.44597894
0.7079243535888957,0.52276236
0.7055052102162227,0.44873413
0.6867436264345823,0.49317437
0.669161509930333,0.56882346
0.7002498829315544,0.5153235
0.6919391167026032,0.4324375
0.6977683638670702,0.4366865
0.6789789477362347,0.45787692
0.627374917787094,0.5018707
0.5671567691598667,0.49445814
0.5283826979043211,0.450321
0.5077350480082763,0.3530471
0.5394864389802589,0.38949054
0.5812349809029209,0.38216698
0.5284535891853417,0.39024228
0.5580379754684119,0.4766652
0.5000103659062574,0.43240964
0.4149359829715604,0.33950368
0.4697944389897754,0.36332306
0.4678398349502104,0.3398352
0.4921274866162886,0.40261865
0.4721469128215525,0.37451798
0.5092518724546085,0.39226222
0.5810109831879773,0.26322293
0.6115115875003405,0.36046365
0.5473875668645678,0.3498832
0.4693491486496115,0.34434706
0.2842460551298145,0.36543915
0.4021425385437562,0.33462238
0.5280695016959465,0.45874727
0.5628143802174264,0.47894537
0.5993679514048385,0.4632157
0.5720497532619353,0.4808688
0.5906301859629584,0.48830247
0.564199543705449,0.4783816
0.6007470212767716,0.3561147
0.5357746079419696,0.42132849
0.5189948182283186,0.36186042
0.5296313670937591,0.3968141
0.5705772945347278,0.4626905
0.5621177527492027,0.41664734
0.5894704404999604,0.50962096
0.6080908694412339,0.56000197
0.6585727339498502,0.5228628
0.6940928966016697,0.5633292
0.6829030780222056,0.5464388
0.6795683590427526,0.56786793
0.6352345115724622,0.41753462
0.5994080949841694,0.4900165
0.5685195598455102,0.3816186
0.6009676862856836,0.46055034
0.6694012417231123,0.514285
0.6649402378621505,0.48203272
0.6377921815899752,0.53000414
0.6094268377067551,0.5480142
0.6158796886912072,0.53336805
0.6181692065438771,0.54602516
0.6299987359342758,0.591493
0.6399026593683583,0.54396766
0.7199481872494342,0.42708564
0.7286401201542487,0.4850833
0.6619348531114846,0.45422176
0.640013092987437,0.4556547
0.6483094107284395,0.5589673
0.6308952141637185,0.46892235
0.6270353272234956,0.50832283
0.6305694905799419,0.5555805
0.6488056049789943,0.51354265
0.6481692891474053,0.55511534
0.6123452358414943,0.5487085
0.6602360975895953,0.55095094
0.6365980638424737,0.413912
0.6469910747845127,0.49281973
0.6169778236147954,0.41349104
0.6444153999610394,0.46477708
0.6381641843170889,0.5226432
0.6473619233899996,0.48380116
0.5961696176812104,0.46284494
0.6190985020421045,0.47455835
0.6561403509120951,0.46069947
0.5897466014309756,0.49283478
0.5458182116483603,0.48103914
0.5850831867218562,0.46609968
0.5841028411332307,0.36084116
0.4888187026760753,0.4177701
0.5465400106457414,0.36269337
0.5389246249329815,0.39342946
0.5660961821210893,0.47200298
0.5669399515936329,0.42444876
0.599230553338622,0.48709112
0.6295157514820451,0.50531435
0.6879993776665825,0.49171293
0.6877535578313809,0.5524799
0.639251898166286,0.5253486
0.6093827268652405,0.53779197
0.5665783524968311,0.40919292
0.6292654432350187,0.46746284
0.6512568882152925,0.4069218
0.5934328375223927,0.4569994
0.5817876168165514,0.49676794
0.5899439346127315,0.47197363
0.6449501631401491,0.46160996
0.6529823479437535,0.47583595
0.6493148101268247,0.47443214
0.6147277356274659,0.5228343
0.6248484524836662,0.51373136
0.6769269332740211,0.5044555
0.5854168144763636,0.36773795
0.658044863115737,0.44552827
0.5846168147792157,0.37544075
0.4818665038847722,0.4170845
0.5735156316755581,0.4834651
0.5704105520252427,0.41950747
0.6076288650880897,0.311629
0.6196101948808517,0.35331047
0.6087872915663572,0.3582344
0.6276056230182525,0.44677383
0.5825670487649366,0.37602708
0.5601495283813493,0.38738993
0.522636928461262,0.24764344
0.4505611555939044,0.3243925
0.4580463733051765,0.29664513
0.4287389981495062,0.31726396
0.3607936138952872,0.3706174
0.4019398766149176,0.35325548
0.437729214226624,0.45773625
0.466836826698958,0.4704229
0.4139781001126268,0.4644263
0.4597740743164631,0.458335
0.5043696117788858,0.48285633
0.4772715724540699,0.43632567
0.46806392007813,0.387024
0.4855447443194149,0.41358125
0.5846745548872505,0.371291
0.5969012807196066,0.39267352
0.5877658467628089,0.45842472
0.5224066560693141,0.42944324
0.5971660684404316,0.36426765
0.5826825492409937,0.39575046
0.5327011993415058,0.4103742
0.5826026057826832,0.45475376
0.5965881702964273,0.44347408
0.5605201673308566,0.41464412
0.5596103681674642,0.29266587
0.5285825337866661,0.3507813
0.4793270862003931,0.3275492
0.4451336018217722,0.33554542
0.4715812670970329,0.42421007
0.4509711508246052,0.36906952
0.4986597098153478,0.34388652
0.4794215953282856,0.4054762
0.4691647424475333,0.3429892
0.403902225474015,0.37278637
0.3218236242888657,0.3691602
0.3977131734314851,0.39440444
0.4089617322959546,0.24270509
0.4126949726427362,0.3484766
0.3113910689958481,0.28054473
0.4334832449041084,0.32747865
0.4757516715454897,0.37009528
0.5084200730915698,0.3608315
0.6218402523796684,0.5369513
0.661743301681553,0.58129644
0.6780941609724422,0.54215187
0.6748480181858243,0.58008474
0.663651209787429,0.57496333
0.649357152176314,0.576302
0.6366492609231464,0.44219103
0.6467588259901746,0.5097705
0.6560490713554192,0.42756608
0.6769777502001753,0.4866761
0.6724171974270132,0.53770304
0.6764481245481946,0.5082396
0.6777413817824907,0.5529923
0.6780480575743306,0.5955828
0.7015845364162305,0.558224
0.6899088397345001,0.5952484
0.6692039749240721,0.5936365
0.6982167457772839,0.58480585
0.6701431206962609,0.45322138
0.6450566863856046,0.5189591
0.6565320164358353,0.4317539
0.6806995232128612,0.48735186
0.7081474701760961,0.56234163
0.7023010668396825,0.513701
0.7623359734147099,0.6626984
0.7634388529175995,0.72443986
0.7552944069576331,0.67191404
0.7961390244154076,0.7032107
0.8022733194803244,0.724979
0.7955823024011117,0.7018262
0.807434610131526,0.5601422
0.8004876093711659,0.61594343
0.8070639986361932,0.5188551
0.8399671293352706,0.57935923
0.8514073506235826,0.6721057
0.8472611094501961,0.6067732
0.8351540027319051,0.63701284
0.8143526191126393,0.69517416
0.805032900691721,0.65370697
0.8205599411104263,0.70675373
0.7960171883624905,0.71352094
0.784496039149833,0.689075
0.7696041761011783,0.5415316
0.8034826247111493,0.5986109
0.8131736153442253,0.51949817
0.8210698146161786,0.5710541
0.8171285789208689,0.6639779
0.8137786941714729,0.6022588
0.8097498164373178,0.629938
0.8149910054451,0.6952781
0.8418176720810924,0.6418653
0.8368199327625767,0.7008998
0.8254154886413261,0.697657
0.8140231713610695,0.69550747
0.8297514216787176,0.52105176
0.8130969035136602,0.601231
0.7838137442160167,0.50999683
0.8048283553326137,0.5688241
0.7789950496007738,0.6464801
0.8166227238831825,0.5874441
0.801665406925518,0.6415133
0.7830484953373897,0.69212013
0.780030148598994,0.65658057
0.8107198232922723,0.6988465
0.8129238138984438,0.71775246
0.8019555733316839,0.68537253
0.8142139327459934,0.54279727
0.8310280899916376,0.5990279
0.8201292751342173,0.5251374
0.8140569431964093,0.56686234
0.808703926242099,0.66629654
0.8027061459392182,0.59010106
0.803405140962739,0.60787064
0.7905865081902816,0.661987
0.7602448824233492,0.62968254
0.7719184100111751,0.674156
0.795345842309124,0.68512124
0.7952231136831651,0.65028363
0.7838830078854238,0.50817573
0.7859856115996493,0.5723975
0.7773050415679248,0.49772674
0.7743675418192866,0.5378948
0.7701812237145149,0.6352365
0.766887071074478,0.5631009
0.7669321742738231,0.59218526
0.7763729686965939,0.6396892
0.7764529463236389,0.6066841
0.7564711534743132,0.64374524
0.7585595237921874,0.6570199
0.7557910820122586,0.62958705
0.7738844223816335,0.48344162
0.757619230166032,0.5528009
0.7285517804320913,0.4824233
0.7405345332491122,0.5231617
0.7465252685885453,0.6118836
0.7403128352824555,0.54506946
0.7394002034415568,0.5765396
0.7345168263700899,0.6183657
0.6906683521483301,0.59311694
0.6805424649551792,0.61646974
0.6901004253840433,0.6375657
0.7150436141370831,0.5853994
0.6990452231565287,0.4795662
0.7084878606858012,0.53509533
0.7333210155620695,0.477182
0.7590744734746471,0.505453
0.7422777636237181,0.598542
0.6964227183404592,0.53756934
0.6479438608543093,0.62175614
0.6953952060604882,0.6643512
0.6983078194458381,0.61931014
0.738215560664123,0.6523534
0.7339744358619398,0.6626162
0.7179062817102935,0.6563533
0.7153706565384406,0.52803844
0.7524101395971736,0.5784326
0.7822488197055568,0.4851615
0.7633626394114899,0.5502302
0.7690640188060005,0.61447686
0.7805921439469885,0.56771934
0.7647363663805016,0.55441433
0.7660629945669108,0.5924164
0.7612664191481544,0.58614826
0.7516300350179614,0.61208224
0.7582420171335849,0.6290337
0.7717089773081676,0.5725776
0.7827876569296137,0.45343024
0.7599251351468408,0.5212478
0.7142477498316566,0.48285788
0.7433078581181976,0.4972379
0.7045215642408933,0.5901239
0.6313906103539302,0.5199602
0.5721750683280762,0.40701592
0.5712219982878262,0.43753406
0.5316181055504412,0.4256463
0.5187910124677213,0.46232647
0.53487635242917,0.4658255
0.5239222543104711,0.43789604
0.5445613566504122,0.324204
0.5821486664847506,0.39752397
0.5545153690063978,0.37707227
0.551134328318029,0.3804391
0.486081734069594,0.441656
0.4897880350362573,0.40213603
0.5715995220247985,0.47086468
0.5593719737663432,0.51629573
0.5611439069937565,0.48657525
0.5705939963176068,0.52130973
0.6004051238397285,0.51637983
0.6039634186606015,0.5149885
0.5097428602810048,0.39091003
0.598573431605327,0.4698922
0.5723247480991911,0.38467848
0.6132092022134827,0.44344166
0.6262428205784869,0.4801466
0.5876038445560767,0.46251658
0.5684788791585227,0.1356953
0.5077248205373945,0.24896085
0.1564855941009804,0.19809453
0.1912192034409119,0.26783752
0.1598773556214294,0.23038796
0.0970559297120656,0.23181595
0.0986784167577279,0.08379321
0.0335597042391384,0.13808429
0.0909204574060322,0.102317885
0.1674310974290334,0.12748618
0.2990537596510232,0.24309076
0.4376708256464177,0.2468708
0.5066731467046068,0.42825505
0.4785737913424666,0.5209523
0.4906760500378024,0.45257172
0.5660755544680249,0.4756922
0.5521013309032794,0.46255004
0.5441388789425563,0.5023561
0.52393672830144,0.3368337
0.3822616642195182,0.41567698
0.3320956055806827,0.27883965
0.5099872922126427,0.37844536
0.6567403158113221,0.44514167
0.656377787374832,0.4324736
0.6285199613669707,0.30010003
0.676400740032935,0.32340625
0.7114607149140877,0.34619755
0.5926352323623632,0.40473863
0.5955110342894296,0.34857765
0.6224014890318723,0.33970138
0.5654444476621197,0.19896477
0.452262001022794,0.31190154
0.3747723101427578,0.28517872
0.3905423034523063,0.29881158
0.3582594288792982,0.34057763
0.3246646092218022,0.31518734
0.3866800808146671,0.3362514
0.4300450407397629,0.34092748
0.3585745253116386,0.33488122
0.3216211024758557,0.32666177
0.2516665058370431,0.3392194
0.2745521003182585,0.3114412
0.2469028434532836,0.261252
0.2803062328047518,0.29128316
0.3558889716206552,0.25951087
0.3868346167694163,0.2879091
0.4825027821394707,0.34619245
0.4118786850063665,0.34200877
0.3137194232953675,0.5010033
0.2988360339497786,0.48459
0.2949780534975459,0.41901731
0.2428445089012409,0.36888587
0.1024800531370884,0.46428046
0.1783435114173333,0.4350029
0.3372082407839629,0.3957288
0.3953119547004706,0.39868367
0.4928724185179862,0.36229524
0.5242941496189575,0.3784651
0.6449838290538326,0.47667328
0.6585545467277223,0.42394125
0.6447149484051229,0.52445585
0.6328059476184773,0.56440413
0.6460486574059998,0.5341749
0.6377858078802996,0.56174994
0.6571104641973773,0.5658715
0.65103708286057,0.5527809
0.6339233456581415,0.4232418
0.5566562577513916,0.480842
0.581267988861184,0.38999447
0.6109184066990498,0.44482586
0.6941939658303959,0.5346675
0.6859242451207868,0.47990593
0.6519378717764268,0.06997547
0.6339011124629024,0.10255827
0.5835840699943522,0.17199032
0.4688206346008954,0.26563668
0.4544134395454051,0.17836072
0.2733828122852997,0.16204521
0.1862122522887137,0.019421747
0.1878510405937414,0.1112374
0.1353069150365708,0.16063014
0.1850430454991709,0.14577529
0.1580494491777195,0.1772399
0.0696887258916221,0.21223333
0.084901723924132,0.16277221
0.0820245157156382,0.1659365
0.0649812337285369,0.16910547
0.1378036218932021,0.1722245
0.1958491356408291,0.15298486
0.1808475620031759,0.16471554
0.1592710010508695,0.116799705
0.1249431030190684,0.1747286
0.1817534713581343,0.14399628
0.2209159071875452,0.15425898
0.1969003604184278,0.17194222
0.1919260065419217,0.1881544
0.1417165905579431,0.37754795
0.4009217948064401,0.3297277
0.5234959402055561,0.3446457
0.4926492920296987,0.36708567
0.5506057736584977,0.3200826
0.5460502206619857,0.38251445
0.4931850206247778,0.28194654
0.4922236689843489,0.35874355
0.4908411445957643,0.26637965
0.2815487285880582,0.34052882
0.3229345025042414,0.29730758
0.3771014318183403,0.29192293
0.3826441974707175,0.2060433
0.322953872265022,0.23946466
0.3004944865048173,0.24095708
0.3393727931061403,0.296331
0.3835106057742448,0.25804558
0.2975668856054274,0.2757287
0.2654166169759389,0.15363444
0.2468495104046533,0.22470006
0.2455260503336873,0.19192016
0.2639797169923605,0.21021628
0.2803238303290203,0.25575238
0.3109203972816101,0.25358903
0.4561945186234832,0.39667886
0.4879234419134008,0.46726206
0.4488798783508421,0.37560388
0.3382031871628834,0.39021796
0.3092831990803235,0.41452837
0.3731252692468287,0.4395823
0.420350503039383,0.28179908
0.5464230604724456,0.4129673
0.406535306144808,0.34501404
0.5507705314595825,0.39125314
0.5007955638555663,0.39266765
0.5583514229355004,0.4006212
0.6034310928058453,0.539455
0.680846021490249,0.57113636
0.6554854146921487,0.53101397
0.621914701908048,0.557829
0.5871079146155065,0.56422925
0.5916751251378405,0.5534997
0.6208994464476452,0.4367098
0.613639911093188,0.49016333
0.6612035586260805,0.4219732
0.6465655527993017,0.46953845
0.6558132322414663,0.5341284
0.684179859363756,0.49560294
0.6854121431763702,0.54631364
0.678863846359393,0.6135172
0.6655186136491484,0.5565579
0.6598095469268044,0.5805812
0.6332080900296657,0.59362876
0.6450731024430758,0.5863318
0.664818250622349,0.43742883
0.5896657623293837,0.50468874
0.5727567088542282,0.40740353
0.6657685565442257,0.47141078
0.7460214033315298,0.5628626
0.7465918067265838,0.5143929
0.7262396612054358,0.611928
0.7295955024199654,0.6520857
0.7414670059971993,0.61421084
0.7419095164571918,0.64256316
0.7282744852651963,0.6636335
0.7678190959882136,0.6343492
0.7951101269751213,0.503547
0.7695611215076705,0.56607217
0.7548706003022065,0.49259144
0.7577971968716248,0.5307004
0.7577111706793374,0.6252234
0.7561195776861558,0.5490408
0.7685349743642034,0.6337774
0.7710170437547386,0.674354
0.7890992223938831,0.6384604
0.7917614109355551,0.67925864
0.7693415498694813,0.6932386
0.7593240508070496,0.669631
0.7710978877977896,0.5322164
0.7842660985769383,0.58480984
0.7976129284034328,0.50948644
0.785529133677437,0.55704784
0.7933529108403401,0.64724565
0.7909981054750697,0.5806358
0.7754071451873368,0.62841225
0.7494718717603215,0.6842994
0.7425513655941667,0.63613945
0.7612706145677355,0.6774865
0.7668632260149142,0.69689655
0.7749949318514431,0.6712775
0.7989961736129967,0.52517164
0.79622383118613,0.58907145
0.7876692827149077,0.5094097
0.7985444807428088,0.5513609
0.7856770127368673,0.64964455
0.8070957694962719,0.57491994
0.7571923877754263,0.57399905
0.7474929192027027,0.61187816
0.7538210847938394,0.5858362
0.7325296166507163,0.63087654
0.7352382752177782,0.64041245
0.7332672649636955,0.6171715
0.7227221572043421,0.47198695
0.7530299633418456,0.53961664
0.722671251578975,0.4712489
0.6980839978140154,0.5109202
0.7201011446620069,0.59626985
0.7188809261946378,0.52865624
0.7253033934159339,0.5879676
0.722511997183799,0.6274316
0.7147785231704651,0.5995199
0.7102487728256626,0.634604
0.7547888316828852,0.65000206
0.742093294628758,0.6202444
0.7335988472116637,0.48625797
0.739559326343036,0.54921764
0.7379280550671283,0.47330865
0.7227593420953013,0.51394665
0.7362197711347305,0.60106546
0.7331454636426988,0.5327897
0.6854637448936032,0.6093213
0.6858012546446708,0.6490437
0.6828350361651485,0.6000932
0.6820283081722147,0.639374
0.7034866260290671,0.6571733
0.7278354796121254,0.6481835
0.7165773887073472,0.5057308
0.7724760314983885,0.5731337
0.7622777764432507,0.4793835
0.7187591550601469,0.533076
0.7429378494519261,0.60959125
0.7872480222667275,0.5415505
0.7600343371760161,0.55344915
0.730533227253495,0.60938376
0.7598959240830236,0.5725214
0.7673570747650635,0.6399535
0.76774750300895,0.62605643
0.7291830283384835,0.62853277
0.7169537886727246,0.45958063
0.7148251817561642,0.53385395
0.6948983419841168,0.45287764
0.6951780298060157,0.5052195
0.6945186165795723,0.58189934
0.7293449124588496,0.5292014
0.7962950664945025,0.563354
0.7336820069319527,0.5688275
0.7411836644451375,0.5874735
0.7397556043922338,0.61330515
0.7167714004975574,0.6434302
0.7288311391672826,0.5595702
0.7431312822374401,0.47468108
0.7405966959022212,0.5054668
0.7623351202280095,0.49744081
0.7265284790653141,0.4846149
0.7146958020120384,0.61479163
0.6217071519049937,0.5183029
0.6859662541267579,0.33978784
0.605958290153902,0.37857032
0.6313021958158824,0.38283113
0.6544655686079945,0.48051575
0.6405184002787996,0.43500543
0.6083660606470356,0.45346168
0.5790245206718749,0.2657345
0.5731164492098957,0.35467395
0.4541260471696096,0.31428435
0.3703651640153893,0.33503097
0.4147651015749831,0.41664785
0.4809955566429962,0.3539652
0.4523576990950659,0.311784
0.452537520123538,0.3771338
0.4052235629117104,0.33897364
0.4199162141917019,0.38896197
0.4701712849437185,0.35079578
0.453891190534208,0.3760267
0.402793099100732,0.2370224
0.360546127647118,0.33244318
0.3526024786944028,0.25445738
0.425565817697056,0.3042486
0.4079682284491674,0.3348601
0.4571780276949315,0.33894366
0.5327426615204107,0.08046653
0.5261199123954841,0.12861247
0.439392041961383,0.15614459
0.3556270995684194,0.21202171
0.345953044896194,0.16352408
0.2856571841960269,0.15975532
0.3015873970769251,-0.002588162
0.1811131319280772,0.106378205
0.0259577244207345,0.118771985
0.0927851556112093,0.11025527
0.1648158130854473,0.17604707
0.1566657454406357,0.16498828
0.2053113167140332,0.025932468
0.1993245570517938,0.01333646
0.0900127561322756,0.060262337
0.0510222274775387,0.07282614
0.0561067333862022,0.043867476
0.0503839138572037,0.017902842
0.0025472048515071,-0.019475307
0.0120388597942797,0.042058814
0.0381206305975858,0.07846688
0.0523394437556228,0.045992304
0.0600596140538223,0.08217482
0.0047373016268239,0.10081833
0.01456177754353,0.13861638
0.0177029929328873,0.07209446
0.0280950935198913,0.11819737
0.0024807037780547,0.059741654
0.0082225988874506,0.10135381
0.1735013226225357,0.044844355
0.2010770930860568,0.067027606
0.2152268145956339,0.12930314
0.1665196720529071,0.17030461
0.1573305878784099,0.10932817
0.1267256372009186,0.1488774
0.0139760458226523,0.111892216
0.1693379065541695,0.03423786
0.2192518018564344,0.017369965
0.1914131802266876,0.050990593
0.1459745638426062,0.106454216
0.1136674013098595,0.035968676
0.0703157541071517,0.07318583
0.0130336245381945,-0.009318781
0.0654684256233495,0.066760466
0.0847986220148819,0.07933493
0.017106314624236,0.07902109
0.0013880447880354,0.06797127
0.0400093488118331,0.10931408
0.0176540252246546,0.11147962
0.0444046653015997,0.0945064
0.0412914418815084,0.08018493
0.0022711094929359,0.095244825
0.0452808954402534,0.08357462
0.0341902163148795,0.12957473
0.0830979614583617,0.041469038
0.1364746425418768,0.13062091
0.1125592041963199,0.11316841
0.0698977999899548,0.11310947
0.0597073840490409,0.10583342
0.1715973382903639,0.11886886
0.1867333557931454,0.24782518
0.0513619154097075,0.29098082
0.0994836415439452,0.20280673
0.11977296688895,0.24853164
0.0943481839344344,0.23383442
0.1125437524175594,0.33215111
0.0672956317059187,0.18228662
0.163845032524998,0.2693868
0.15279919591514,0.1508258
0.2129231326505789,0.23011035
0.3500292866385508,0.24701686
0.5023069883759623,0.26298666
0.5282617811337609,0.5092701
0.6012498525986589,0.5165489
0.6256036699983429,0.5128717
0.6140469676556992,0.5105662
0.5818825560004375,0.52743834
0.6068282681864048,0.4922337
0.5913616413328513,0.4170975
0.6077869047488123,0.46400037
0.6225948164952451,0.41447565
0.6378020422083148,0.45062453
0.648984360526915,0.50379694
0.5491426392631333,0.47003114
0.4897335574146528,0.12843259
0.4678323215872231,0.14777131
0.4543783370002816,0.16209543
0.3168119497911168,0.23697841
0.2663464385252871,0.1687641
0.2495734101497992,0.18202965
0.1947868232476319,0.05679716
0.1736883692538908,0.15698922
0.1667443921802576,0.1639628
0.1953238600325137,0.16116822
0.1609738795490778,0.18860577
0.1843871790275528,0.20685568
0.1847083605701307,0.16763176
0.2234937578340212,0.1606788
0.217536983929381,0.16818283
0.1981226432389036,0.19488263
0.201119164001986,0.15446112
0.2026134095579737,0.17946582
0.1488172533903626,0.10861016
0.1469050031762178,0.17630698
0.1957446250847825,0.14553632
0.1763091934466527,0.1661532
0.1874239516896745,0.17398724
0.2060481251241133,0.19387718
0.2914720966133344,0.5384622
0.2591789378952547,0.53337836
0.2195890663003386,0.4902633
0.2449473415722129,0.4335334
0.4376188393527864,0.53372705
0.5038008520515542,0.4740814
0.5774349669684322,0.4300246
0.581670749736082,0.47757372
0.6189577027616004,0.40246534
0.6051239844314091,0.4055209
0.6319160565843158,0.49832007
0.6473646302165044,0.40281716
0.5837647616354409,0.37369102
0.4761606599173471,0.39736935
0.5293185207734648,0.38789555
0.5266571985206343,0.45160806
0.5591552341552743,0.43699646
0.5848866342617463,0.43511695
0.5757929128996189,0.2906563
0.5606486303905265,0.38153684
0.491276622209793,0.34189773
0.4565415812707187,0.34481156
0.4305767670464311,0.42278063
0.4827418246857653,0.3551265
0.4793717938322244,0.30971012
0.5280040053630537,0.38988307
0.5148798640515961,0.34753358
0.5380235244762348,0.39607182
0.493152312024534,0.3603022
0.4495124695132548,0.40518853
0.4585062267969539,0.22724985
0.4376045034538269,0.3336161
0.3026910531193842,0.2638445
0.4174031866768461,0.32805336
0.4350253149433478,0.3442606
0.452669965120799,0.35975912
0.4938132005420677,0.47803962
0.5213839023827718,0.52515686
0.5529789028155077,0.4753254
0.5746512826442389,0.51666903
0.5834976700932488,0.50194585
0.5801284525386441,0.5267318
0.5544456026960156,0.39360484
0.5871050018972599,0.4745796
0.5893267774471007,0.38471738
0.6219651541653439,0.44712025
0.5784459880044324,0.4706713
0.6140542671479374,0.45986074
0.6258300899952474,0.58501184
0.5974960332176993,0.62436473
0.5926983302703639,0.57287383
0.6233019764968466,0.5928712
0.6112042697583315,0.6339325
0.6131606903985527,0.6104422
0.684970179329083,0.4877494
0.7200219780230315,0.5378969
0.7181579808330132,0.47446278
0.726967002104864,0.5055245
0.7252805186157008,0.5973569
0.7520848013528223,0.52896607
0.7863796007178632,0.6420169
0.781806884551429,0.6934367
0.7811724811521228,0.6485964
0.7837558738787074,0.694508
0.7895451952913977,0.70699716
0.7832832558214218,0.68734264
0.7735460646977983,0.5396811
0.8081945865194036,0.6025899
0.8108854387818729,0.5149102
0.8032659264266693,0.56900465
0.8053418172249938,0.65405273
0.8177453006530278,0.58935976
0.8246119621259642,0.6001455
0.8201562295676252,0.65867454
0.7929954087953579,0.6198731
0.7914377039834566,0.6748204
0.7697762188062853,0.6787737
0.7417729061215037,0.65449405
0.759939109955869,0.5008638
0.7617898823451528,0.56102455
0.7651736490881222,0.4943025
0.7678431866456239,0.5366148
0.7599299780321309,0.6323076
0.7784854312306098,0.5703266
0.7592177135566951,0.62225413
0.7467526055133615,0.67427784
0.7471868862948372,0.629966
0.755765756364057,0.6702092
0.7643820812769397,0.6833057
0.773849064079605,0.66240716
0.765941726974479,0.51966834
0.7704638376874509,0.583848
0.770228439725988,0.49527687
0.7787847493372428,0.54708374
0.7868163303743563,0.6359022
0.7939222185065793,0.5696217
0.798116425979496,0.62248987
0.777106078398317,0.6701988
0.7457358197517832,0.6335819
0.7409155101038678,0.66321653
0.7277765309937139,0.69260645
0.7458451406012747,0.6446033
0.7666827341759519,0.5193328
0.7805135683175597,0.57377666
0.7843433978962495,0.51322776
0.8029378552023978,0.5431065
0.79579418739092,0.64936787
0.7749409002729153,0.5744211
0.7829438912714823,0.6027167
0.7568801924452768,0.6514493
0.7328275859567284,0.6175029
0.7488215885391671,0.6550031
0.745545533346553,0.67585146
0.756434827678,0.6386247
0.7772612935603957,0.501541
0.7647871745828057,0.5578851
0.7540842642510581,0.49066967
0.751647145982798,0.52404505
0.7660831517311952,0.6337034
0.7667244124819703,0.5530053
0.7504511117989794,0.53417057
0.6893391383283638,0.5887344
0.667546401992551,0.55528253
0.6834686082001258,0.6039681
0.6863753787303084,0.6092253
0.692081383644001,0.58280945
0.6848486124222326,0.443057
0.6710528662702453,0.5074362
0.6664044701227976,0.44182137
0.6876907205127374,0.47394428
0.6910216751423413,0.574732
0.6999722022362991,0.5093733
0.6961808702111254,0.5828895
0.6875050928579989,0.6196747
0.6775377541143013,0.58516234
0.670890595233542,0.6135603
0.6784058149620056,0.6341113
0.6950323621989751,0.6023545
0.6956677926335431,0.48329893
0.7097929494361761,0.5402351
0.7281418827007542,0.47033602
0.728836684949842,0.50718594
0.7315710806506583,0.59484094
0.7255950528370501,0.53115374
0.7082951246934046,0.57855713
0.6935394823535721,0.61239475
0.6857628677871328,0.58830917
0.6996134000786065,0.61827004
0.7044251625555646,0.6411661
0.698895649278001,0.6040872
0.7100275169561883,0.4840526
0.7351816723613687,0.53538406
0.7364399091950493,0.47688648
0.72381250798382,0.5071019
0.7289676081554162,0.60008276
0.7092807712334057,0.53112775
0.7193030346010132,0.48511174
0.7154649758670315,0.51006347
0.6941609645758011,0.51558244
0.680854497867529,0.55692476
0.6796608084610454,0.5608053
0.6991096227759463,0.5072771
0.7001386487196206,0.3973252
0.7244645230886615,0.4660569
0.6889380788090982,0.45298994
0.6632781492099706,0.44837725
0.5812303792190208,0.53059584
0.5379076272481584,0.46609774
0.4584204300664654,0.4254084
0.4792484099395753,0.43286973
0.4885952401866746,0.4234947
0.4930252606782637,0.44362143
0.4834437569604373,0.4350681
0.4998917735876493,0.43405005
0.4327107809522843,0.3443674
0.4095877357180577,0.38460377
0.4746839700176526,0.3036554
0.4410895795296099,0.35897478
0.560060304406699,0.42369232
0.5401021157207593,0.39103392
0.5307617282547845,0.056438778
0.5875301914639102,0.035182495
0.5143851093719278,0.07204578
0.1918202262522648,0.12731749
0.0107803172876819,0.07833283
0.0164283456953349,0.066553704
0.0088275531390293,-0.039654534
0.0573380308978985,0.047812164
0.0395363273569939,0.114480734
0.0205045373218379,0.085573375
0.0889732539842271,0.12163662
0.0817270425467522,0.14528902
0.0639531505173494,0.1066057
0.0816358941749473,0.05878787
0.0910823717165336,0.096819416
0.0966768060865277,0.08963956
0.0592467194020338,0.08803947
0.0612131544599008,0.091194145
0.100337152262222,0.048863232
0.1003185219691498,0.0900423
0.0925117457545585,0.105842054
0.0251955021864511,0.088491715
0.1141217996658059,0.12843694
0.097640377525328,0.115507916
0.0572459882162776,0.38164493
0.0829424868514623,0.3388295
0.0242096090784902,0.31246954
0.0226515617398317,0.21197861
0.0718057821341671,0.3264062
0.3285931854230401,0.262592
0.4269424296176685,0.26870137
0.4358872854414106,0.32098192
0.3758397827465476,0.28485876
0.3453629893904102,0.26109236
0.4306288841906527,0.34587958
0.4025731524347899,0.24857177
0.3236433633600639,0.31878644
0.449036459884792,0.3906274
0.5097949299036433,0.32625297
0.547554047073358,0.41193926
0.4333011126384511,0.31574744
0.2873615436389345,0.4335945
0.2072574216310707,0.2721993
0.300535118318574,0.3513302
0.3722802300551984,0.24643308
0.4658238400373142,0.37120244
0.4130188421761382,0.29902974
0.4791705691198067,0.41082487
0.4390821399519806,0.3640801
0.3912828728367752,0.38417652
0.4511198516561299,0.36047253
0.4021498563121284,0.39956218
0.4053898472388346,0.37662798
0.3143924145897165,0.38589087
0.2749505965568146,0.29709882
0.2821486311667591,0.34821376
0.4294760510346971,0.2983654
0.5157045019453759,0.33609748
0.4774882576327752,0.36589333
0.4683118874973493,0.3874345
0.5005600632715996,0.44431153
0.4963464939733102,0.5074014
0.5070537221093252,0.44992113
0.5284184027371301,0.501766
0.5855225058124769,0.47971627
0.5702745101754698,0.5186393
0.5029763915125955,0.36084005
0.550650653536545,0.4583759
0.5199185250368408,0.34678113
0.5620588938255531,0.4223478
0.5605198993256812,0.44215724
0.618481494195767,0.4350683
0.6060102055448473,0.5077096
0.5367058568248306,0.5322503
0.5646627681959493,0.5157376
0.6177730838158104,0.5365256
0.5800126780876966,0.5596644
0.5987247904954986,0.5206154
0.6223957594996596,0.42979372
0.6192043605412674,0.46944335
0.6397558710345121,0.43146637
0.6697743578484001,0.4446782
0.6532952919959594,0.5421455
0.6045418851015851,0.48004574
0.6093605849925505,0.31133953
0.565801409692722,0.29291
0.5884195544776198,0.33648255
0.5816379625666213,0.4170701
0.4898457386465233,0.38171715
0.4827152918679172,0.3637232
0.4616542221276218,0.25310865
0.5276479245946355,0.2996267
0.5070435187207938,0.32237774
0.3400332891663704,0.30308715
0.3392402298735475,0.3844734
0.3502227940219455,0.3247945
0.3817557452662186,0.30845207
0.4641610428269827,0.3462316
0.412045379983367,0.3325722
0.4996379579212742,0.38904274
0.4904256781149825,0.34868857
0.4706942458848853,0.38333806
0.4581532164411444,0.24633336
0.4858748217365347,0.32180482
0.4231377415778254,0.2676685
0.3465934361825131,0.31082422
0.345270770313197,0.33438092
0.415545920540374,0.322041
0.4029564601508708,0.5712887
0.527061349813422,0.58358777
0.519279585489743,0.5328978
0.5005939490947928,0.5160804
0.5047639302999198,0.5523671
0.4981856025763767,0.54343235
0.542995250106352,0.46695212
0.5638344724916688,0.5028719
0.6619231114573063,0.41590443
0.6631748092931016,0.47780427
0.6926368631535809,0.5185387
0.697109859011809,0.49551722
0.7037125244693949,0.5414631
0.6920274994336295,0.5533186
0.6749450473057896,0.5478852
0.6625522440227112,0.5855593
0.6782924843937321,0.60987496
0.6704020183746251,0.56727284
0.6964990295748454,0.44529676
0.7474315697758676,0.49655524
0.7257893183276267,0.4612934
0.6281334965447378,0.4705057
0.646396665986777,0.5706648
0.6553396509991307,0.48313007
0.6192647649138543,0.37429973
0.5757488351695255,0.42346454
0.6138308894154725,0.40893346
0.5984076174399657,0.46672675
0.5780096043082823,0.43015903
0.6039813939449581,0.43774804
0.5226333197565105,0.2927637
0.5010741106180014,0.3882119
0.4378641379257031,0.32388443
0.5016320994628138,0.36648843
0.5058142038064735,0.41605774
0.4767621687758065,0.39488262
0.5233464187428374,0.529579
0.5590218271901488,0.54831296
0.6321424118117607,0.51452184
0.6299341788130848,0.5390309
0.6052576305123254,0.5440964
0.6063991226647949,0.5512822
0.626339778755792,0.43125647
0.6101037011765196,0.48886108
0.6252272768129465,0.409263
0.6179888404614529,0.4627653
0.6415509821989471,0.517287
0.6519033989004903,0.47587153
0.6569843730531182,0.45942643
0.687562738046402,0.49011236
0.6776506899943344,0.45256644
0.6189303664877621,0.5004546
0.414458520197742,0.48908925
0.4368178926284272,0.48926228
0.4818482637999266,0.3693788
0.4900243052272039,0.40807852
0.5448312603303407,0.37489918
0.5552167256336618,0.41350716
0.594660102613672,0.49128696
0.6161738395928951,0.4690833
0.6533915291161367,0.567214
0.7322856673543998,0.5979837
0.7355933116521891,0.56870353
0.7054881346155146,0.59811133
0.6858291724447931,0.60391265
0.6780794665124188,0.5938044
0.6764607273789718,0.46187755
0.6974195455299381,0.52285886
0.6917665112959797,0.44554558
0.666764442549062,0.5028464
0.7048408412793279,0.5627513
0.6980782340440213,0.5184151
0.700369069039263,0.555183
0.7021498036539642,0.59897316
0.6736261985182259,0.5670944
0.6900720319865399,0.60748047
0.6816600197990028,0.61351186
0.6927814449328964,0.59020376
0.6841855663541883,0.4630882
0.6949119539809585,0.5200548
0.706591524186098,0.4510504
0.6933726053564317,0.49147952
0.6976766924853153,0.57692516
0.7044476286970442,0.5186948
0.6955036499316112,0.5505803
0.6891519247701274,0.5787673
0.6943084173579916,0.5597625
0.6754903476436169,0.5865629
0.683053002057687,0.60744554
0.6901372880082346,0.56739855
0.7204230238442868,0.448111
0.7037395218135685,0.5083383
0.6942672230825337,0.46014446
0.6905365644488439,0.47956762
0.6801961930578315,0.5721871
0.66208695233049,0.5008696
0.7178845619145968,0.5811946
0.7333279587568637,0.63070124
0.7269670837733933,0.58911353
0.7189657398107321,0.62874925
0.7163982813020229,0.641422
0.6981931995706754,0.6228582
0.7273271838855377,0.4794499
0.7485961096397165,0.54762745
0.7338737247437508,0.48077422
0.7460222367124243,0.5218433
0.7187944561901949,0.59606695
0.7331548680152862,0.5427712
0.700926542366239,0.5975467
0.7058693952372588,0.6310354
0.708475265823127,0.6046813
0.7004432582834963,0.6308773
0.7493718884756095,0.64534867
0.7468677670815516,0.6117116
0.7325465192567222,0.4937995
0.6902681344612973,0.5482486
0.733735685897325,0.46520534
0.7292011956494391,0.50903434
0.7510165098655088,0.6006572
0.7370271325283833,0.53284234
0.7586919649852475,0.52034116
0.7256363881221684,0.57751524
0.6731110617578873,0.5440277
0.6931774182762673,0.5979491
0.6493380208664181,0.5942846
0.6433794669896953,0.5764044
0.6263243479237324,0.43385008
0.6218023946471489,0.48512423
0.6347832011240593,0.41607141
0.6378694363271484,0.4616254
0.6954717498232874,0.56433684
0.709341784670015,0.50880456
0.7232465918524307,0.5146661
0.6971891901759664,0.56348735
0.7203084504442923,0.53497756
0.7318799006910206,0.59740525
0.7115703237816735,0.5892366
0.6385051689465362,0.5916903
0.6581283933365274,0.4243452
0.6579466815782351,0.48702058
0.6298139664331339,0.42139184
0.6213080204163046,0.46791178
0.6588142141547788,0.55026245
0.6890590294032259,0.4989618
0.7038770817344053,0.54560494
0.6810897407725047,0.58254886
0.669742328208415,0.5531184
0.6806459049184435,0.60344285
0.6744045916118218,0.6094066
0.6855985407723661,0.58316064
0.7000464675245062,0.45666924
0.7324639533473434,0.5186929
0.7418282949883221,0.4704395
0.7097965755341371,0.49057436
0.648529501325315,0.57421887
0.6778834845366131,0.51043344
0.6760279214925493,0.5244986
0.561045237810434,0.5751507
0.5489936130582573,0.5456626
0.6562370739994292,0.58707976
0.6644235920997947,0.604129
0.6764011801135617,0.5704651
0.6912057889771264,0.45174253
0.673627789737425,0.49930826
0.6766807820521521,0.4433539
0.6949258566155945,0.4604757
0.6750254455382967,0.5765312
0.6780691520318625,0.4976651
0.6411969171102614,0.45751244
0.6095799376223141,0.5156998
0.6341811935450998,0.47942317
0.6523698217220089,0.5408228
0.6533912024456474,0.5136849
0.654476892211008,0.5282227
0.6208681177610407,0.3700616
0.575535516633058,0.45479092
0.5473345439724993,0.3706475
0.5805063629267124,0.42318994
0.5828041352378612,0.48702323
0.617480637136528,0.44985604
0.6031586371996567,0.482446
0.6052740914389911,0.5011897
0.5489526488041268,0.49412188
0.5637722498361581,0.5121062
0.5881524490157739,0.54097253
0.5752589623836082,0.50070095
0.6057476298795619,0.39015883
0.6117107541382096,0.43374664
0.5935841300589275,0.39002764
0.533166327780231,0.4073714
0.6121183362359082,0.5104423
0.6070724752089434,0.43351266
0.5921947490165005,0.33789238
0.3728507722580469,0.38429826
0.3615060760291317,0.33613092
0.3715360308957462,0.39860937
0.337763177822953,0.41416794
0.4251732533943739,0.40676922
0.4843500193136938,0.25898468
0.5145629970977161,0.34969664
0.4238853668296451,0.32986858
0.4434041530959636,0.30778083
0.4085350196913464,0.41977176
0.5208610227431589,0.33894566
0.51687810882177,0.452261
0.5659439452715103,0.49577716
0.6145952920000077,0.4536731
0.6012767920659772,0.49271816
0.5884287442636773,0.4801446
0.5993986921521492,0.5090769
0.6088635786493559,0.3508128
0.6015890291914352,0.44650897
0.5161816776675905,0.36274093
0.5376877891054042,0.4216984
0.5475802800354059,0.45297644
0.5842213982766356,0.42631108
0.5285091674735911,0.43093207
0.4643844633067098,0.48714498
0.2928286114665401,0.4704166
0.4884117124672009,0.47634184
0.527010018241457,0.5238656
0.4808160807864161,0.4636683
0.5639213787652664,0.37564838
0.5507394117713127,0.39015
0.54671198531494,0.36346614
0.5486617521373596,0.36249876
0.595873332660986,0.49959925
0.587482197434078,0.4207525
0.6014678536518665,0.3743131
0.5778128465304975,0.41971076
0.6215687875108098,0.40375882
0.5812919651128827,0.47408292
0.6055007259388665,0.43186396
0.5589386745877603,0.44807616
0.4901915034555788,0.29547158
0.5205264847462541,0.39585292
0.485043060909621,0.34010023
0.5253552139228512,0.37944868
0.467139195419652,0.40381464
0.4727611788006101,0.39954016
0.5611241863093732,0.40830156
0.5311939852467189,0.4403554
0.5300389296327275,0.428515
0.6013736408771435,0.49765718
0.5494784794982825,0.463799
0.5621570707413412,0.46446052
0.5018724503805911,0.35689873
0.5859549864781526,0.41556183
0.6121149377866568,0.37897447
0.5728920466258565,0.4033722
0.4828765670623265,0.4496133
0.4954610653683389,0.4283018
0.4877706779408326,0.4344518
0.4761177577751576,0.47339204
0.4651216748454714,0.43234318
0.4882789285838704,0.46136555
0.4808061910643344,0.45971653
0.5196481285988703,0.47603366
0.4717319037419392,0.34811187
0.4822420520695778,0.41429383
0.4654160931419238,0.31652766
0.4689630991389331,0.380368
0.5779861678093661,0.44238293
0.6045893849781452,0.40656602
0.6368109664351698,0.40713024
0.6602792497006371,0.4473775
0.6537170550923768,0.4287575
0.6127927770821593,0.50267804
0.5747404978841408,0.44385198
0.642275960709823,0.44512668
0.5479470672329962,0.32883027
0.5233824173527197,0.4157455
0.580240612511338,0.36180946
0.58058099702225,0.3952552
0.4701201079340942,0.4331552
0.4948914780699622,0.42139992
0.5299199817796976,0.2993773
0.5293994559719195,0.3430082
0.4997753335547132,0.34015602
0.5294198208592089,0.39726055
0.4982034535866493,0.36340278
0.4971404102824652,0.36660847
0.4812630862129272,0.23059624
0.4773613395278948,0.31542942
0.3956324156800566,0.2886855
0.4027745275165713,0.3063089
0.3771679566289636,0.35606045
0.3828977522570671,0.33411363
0.3458974630617195,0.38442913
0.37123176477425,0.39492568
0.3942717637782755,0.36694068
0.370081694301466,0.37988585
0.4209401358286855,0.3896347
0.4286159036665569,0.39570728
0.4513627018336419,0.29290256
0.4660299325167334,0.3706526
0.4566139226413819,0.3142802
0.4507954412072461,0.34037778
0.4361327384422253,0.37253004
0.4737152730202476,0.34534618
0.5021299954904661,0.4421476
0.5578986545456184,0.46598747
0.5167385429914977,0.46010983
0.546631855029474,0.47006792
0.565155526423986,0.47765002
0.5615166521607216,0.44910488
0.5614218552654409,0.357498
0.5299479323024636,0.40718257
0.5394120684316821,0.35569838
0.5351530231953405,0.3863165
0.5636588537281404,0.4544836
0.5239585152537556,0.41384664
0.5146770297857,0.41132134
0.5540126003756507,0.39920276
0.5477562875065507,0.4359118
0.5282852798224047,0.42134282
0.529319308900031,0.45341808
0.4988770635191071,0.37744677
0.5462289635328861,0.32543397
0.5146682113939867,0.3584412
0.5212168270804778,0.37066913
0.529698501378987,0.35437542
0.5310383322603789,0.438679
0.3934559784195257,0.38675982
0.4228139278102563,0.55215305
0.4873137334139734,0.56874216
0.5364974215555489,0.53367966
0.5885869748391772,0.53062505
0.6117960519011274,0.55702937
0.6586104961305339,0.5451477
0.6939942284030103,0.45677173
0.6920995768867244,0.5174569
0.6902533571337202,0.44201952
0.691097687189481,0.4822059
0.6393357880854134,0.5261924
0.6259007109093617,0.47840703
0.597871340197472,0.47167516
0.6133534470615163,0.5001153
0.6205296022520659,0.4879009
0.6343322369484787,0.52500343
0.6371524347354627,0.5282682
0.6166176661599185,0.5081698
0.6463391450288656,0.38456792
0.6611099657866033,0.45166963
0.6250103695374127,0.41515237
0.6080219424705655,0.43332988
0.563247407742872,0.49749303
0.5591190989830448,0.4484037
0.6292387925960519,0.6101553
0.7154997138631871,0.6580866
0.7372170786523102,0.60359997
0.7317831929621765,0.63178855
0.7220430407194214,0.6380809
0.7212751083990336,0.6464001
0.7301305117891621,0.50013864
0.7371442223306244,0.57126397
0.7239767765113143,0.46636793
0.7347918950058849,0.54281676
0.7529715982408383,0.59075755
0.7715113213727736,0.55283564
0.7834534274281157,0.54659414
0.7701156539755063,0.59381115
0.7466334079167503,0.5644713
0.7249922135485796,0.62153
0.725362730781935,0.62241185
0.7326477028838734,0.6003885
0.7385283793013526,0.44435892
0.7423121253712939,0.51921153
0.7045605886666961,0.45857364
0.6722394774456313,0.48920268
0.6714241127395817,0.5819819
0.7064133738253315,0.5098125
0.7096518890867061,0.5620165
0.7202935572975977,0.60549694
0.6988560046698695,0.56926423
0.6870057354116699,0.6056771
0.6614520544399873,0.62048113
0.6644247666013037,0.5957767
0.6795430124623847,0.4644161
0.7241279944100012,0.52681917
0.7130743184860973,0.46813208
0.716648274116753,0.50465155
0.7044593237089227,0.5818408
0.70425989803317,0.5291394
0.7118092593053875,0.57996815
0.7061746458538503,0.622112
0.6847488938907813,0.5846503
0.6703122398882146,0.6104101
0.6692300458425637,0.63485986
0.6787394898311465,0.5998249
0.7007900975004251,0.47697705
0.7019181846341902,0.5344735
0.7127800710588015,0.4696777
0.7318382842840623,0.5038044
0.7357610836640345,0.5961731
0.7291494456302745,0.5327374
0.7138319030800844,0.5496024
0.7083684890553181,0.5876012
0.6804261706989472,0.560043
0.6682585452786731,0.59582925
0.6578295608446263,0.6101691
0.6500790243072982,0.57834023
0.6558831592801089,0.45449147
0.678535365666113,0.5083273
0.693085465776285,0.45166248
0.6870078513158391,0.4841579
0.698320309015442,0.57332724
0.692690535607853,0.5152017
0.693565294673828,0.54164207
0.6822365802643087,0.5750368
0.6522338194693247,0.54624695
0.6393787623256921,0.5776648
0.6228453802884264,0.6004369
0.6550574097903428,0.5618829
0.6854531640974177,0.44386342
0.7141970913374385,0.5045383
0.7027319503237042,0.46132457
0.6879264749896383,0.47742638
0.6630042943820986,0.56886053
0.6678765896332952,0.49987477
0.6730318155577817,0.52987814
0.6668373517843298,0.569217
0.6501493301851529,0.53475624
0.6164457731665185,0.563461
0.6186763412744121,0.58100116
0.6277269660842255,0.5541011
0.6416298087310199,0.42770272
0.649139044645537,0.49423343
0.6442675729722462,0.43359497
0.664564239081582,0.46569303
0.6707167845502902,0.5470049
0.6707495235223488,0.49227753
0.6850486958172333,0.5085642
0.6685423958665444,0.5558918
0.6495880686657962,0.52126956
0.6427462780486826,0.5691302
0.6312895410997723,0.5667676
0.6357320772671349,0.5530198
0.6232035504442659,0.41769356
0.6373070426974512,0.48547146
0.6402245281118009,0.4209884
0.6494130914382299,0.45916307
0.6421627843659712,0.53506035
0.6600129458598922,0.488739
0.6786562322554297,0.50455046
0.658849660916204,0.5395085
0.6417288344951935,0.5207198
0.6502771953281434,0.56441635
0.6417716450568665,0.56638086
0.6350696575546042,0.53999096
0.6299551973974107,0.41868734
0.6389790439405068,0.4739068
0.6531870186088469,0.42362586
0.6376505848958733,0.4502333
0.6334760006261453,0.5361781
0.6323989718451948,0.48071784
0.6180138664900277,0.50976515
0.6425139537735469,0.54243493
0.6045679797463581,0.5117557
0.589478364338428,0.5326444
0.5556234331619541,0.55054086
0.5911317890449528,0.52019787
0.6143902290084129,0.4135854
0.6271147192620785,0.47031263
0.6342479034751767,0.4210565
0.6406054840961652,0.44805506
0.6369377394900284,0.526291
0.6300746622870492,0.47609866
0.6093450871855408,0.35438502
0.5615910844993586,0.36923718
0.4920168816883992,0.37608033
0.4376641514087613,0.41182256
0.4535804737870319,0.4116162
0.4530298865155822,0.3655011
0.451963873815326,0.26958278
0.3991315440840157,0.32089078
0.4451379953357639,0.30619678
0.4187270531683791,0.29813972
0.4560315072906524,0.40451288
0.4594342817234409,0.3458671
0.3586222836410924,0.26598608
0.021561702715573,0.23506898
0.252057104128935,0.2456872
0.2518521612039239,0.26505652
0.3300538483144155,0.3151512
0.366326398201461,0.29386127
0.4760770487002062,0.18171081
0.4183498054010606,0.2697385
0.2746102877011109,0.27930146
0.2969228829328867,0.21264614
0.295866711964408,0.33198452
0.3135282530990873,0.21325767
0.4004803137180106,0.22672033
0.3929188171425521,0.3090329
0.3302383642605124,0.26079777
0.3407907815548978,0.36517242
0.4625402871890176,0.2562691
0.4387044021189843,0.34975728
0.1605471686703468,0.17691298
0.2312927834156006,0.30241498
0.2616103036607802,0.15165606
0.2786919942296832,0.2644573
0.3162244634086018,0.23124403
0.4301821520668532,0.29006225
0.4288151797214343,0.31415552
0.4475640859653995,0.39957452
0.4694948954399214,0.34313843
0.4653067959533001,0.36454618
0.4373074181750294,0.34659246
0.4636604342610728,0.38960168
0.4393655480865974,0.21994828
0.4241992699683941,0.34866765
0.2405863756100026,0.25742468
0.4453431753491252,0.33073685
0.475947956676237,0.33422354
0.4414235206199279,0.3552734
0.443203166180409,
0.4360598879703623,
0.4586075730054171,
0.4168005090940241,
0.3835712249986063,
0.3904155217026575,
