Avgcpureal,forecast
0.6472402024327778,0.5183546942730488
0.6592165524122481,0.5139687306739121
0.6337693488772796,0.5152429939240244
0.6397133328742847,0.5269397854502285
0.6362571764715849,0.5237745561279772
0.645471392288527,0.5221181080939197
0.6325807206604795,0.5274088926140053
0.6615964261212369,0.5264889566891621
0.6450189919302666,0.5243820975337695
0.6376723319058698,0.5226361235360233
0.696810550396939,0.5377914252213565
0.6560582369959244,0.5273687014543265
0.6391914124418453,0.6735519231601963
0.6956773982899532,0.6647052522608365
0.6544713395482548,0.6678519476276469
0.6475908362915478,0.6704552828823971
0.5765640770140911,0.6746920150558617
0.6226253088493138,0.6899679455760089
0.5792155748646989,0.684110989576707
0.5569248590363144,0.668488231988905
0.526794035548228,0.6667207132716814
0.5685100797110524,0.670719925745232
0.5638448960033381,0.6599675829286117
0.5721146648530641,0.6592778314386134
0.6317254573588836,0.5883622335966258
0.6623204152522985,0.5899319972647575
0.6562039490502459,0.5951271759515143
0.6551194281773097,0.5971824634542033
0.6959667051662143,0.591930644313533
0.6208739081577711,0.5841412662800128
0.5514698470180216,0.5935405643551797
0.5701937952951145,0.5955997077571598
0.6071715133776246,0.5882273525532993
0.6220880329078834,0.600683943923807
0.5403656056149085,0.610887736117121
0.5424445449729721,0.5995472035143841
0.5656932914026448,0.5894352100362236
0.592604644546929,0.5946933556441488
0.5955129582446254,0.6088561835192581
0.6300585330785301,0.6082138764243341
0.6337815541510711,0.6023790461669304
0.6215993777112877,0.6061860703576512
0.6468907103309546,0.6248386490602665
0.6062335204754791,0.6202144627921853
0.5732341560541337,0.6155587989467146
0.5781820855151311,0.6091307437336182
0.6507376376235224,0.6079656166271742
0.5615579131442879,0.616750612263024
0.5701339092669234,0.5927249509703493
0.5588878929516609,0.6046300155190394
0.567941247707031,0.6055863935859512
0.5907796648703171,0.6096337763476612
0.5042249110157088,0.6102399839515872
0.5216828880200609,0.6027958781248077
0.5913418008139592,0.6014124568551711
0.5837887134188956,0.6023191514770158
0.5847054033999991,0.6094854837941218
0.7451728705147159,0.6071116374604318
0.7884745531317839,0.5996668159509714
0.7436494202879512,0.6001008786048834
0.7386521718766305,0.727034789884261
0.7320156336367801,0.7148414546450527
0.7395025175587618,0.6992395589100565
0.7000383435906309,0.7028251354225682
0.7084238124893133,0.6993084198813546
0.7353444624522584,0.6963610055324796
0.7604875867942885,0.689890572467159
0.7730861998640414,0.6896931630430084
0.7619284929144933,0.6905501423931965
0.7397234500153215,0.6866351840019571
0.7288791277761798,0.6885615371172145
0.7094106705958491,0.6958515955785898
0.711805809335401,0.735074087670369
0.7009934434571593,0.7366399795411672
0.7256973664511884,0.7416077320927301
0.7095327146679805,0.7462819308396713
0.7149447932169885,0.7347862901699889
0.7060185233772466,0.7210690614412615
0.7250364985122214,0.7383274711251083
0.7339135778562113,0.732862365031209
0.7271302591402674,0.7211736402055543
0.7202780682791031,0.7250828881097413
0.7325713951046725,0.7290019040194338
0.7312248265475833,0.7104949253780024
0.7427421455519155,0.7452264673680208
0.7623910670793558,0.7392476356197469
0.7618371821840021,0.7333006613502453
0.7696311519969662,0.7354012987106002
0.7566726167406904,0.7379190751893631
0.7578291602007289,0.7242768954986428
0.7492919286337231,0.7239378111865187
0.7240645957606845,0.7218798658573167
0.7428763891561109,0.7171592673182966
0.7482346694000058,0.7156467496431647
0.7160942422163504,0.7260036522842856
0.7221464234844618,0.7303751020617889
0.744846667949585,0.7386937306975544
0.7405181885648858,0.7414897191329269
0.7405796604567033,0.7447994663173537
0.7205717868164313,0.7399173202042543
0.7073835393207791,0.74269929148651
0.7153000733797915,0.7434701287173799
0.7337885121807622,0.7344710013766294
0.7146045409885761,0.7419923898183098
0.7326805747498591,0.744120244986874
0.7393115598089416,0.7378062077463573
0.7518566176328497,0.73862458294853
0.7457175332351361,0.7321234114043763
0.7427676550129821,0.7518290812007364
0.7602846906871742,0.7490668390912946
0.7525939081127323,0.7414077575486111
0.704185844706014,0.7453434567475608
0.7087210004433847,0.7391196325463211
0.7237907454283165,0.7323553300577018
0.7241484946405755,0.7314149066834597
0.6983538690952719,0.735737821865253
0.7180003633172919,0.7303915274110335
0.7491130581764357,0.7340390481869674
0.7916289243091771,0.7340057879846672
0.747390187782487,0.7252606900704915
0.7264531084608526,0.7551069012824693
0.7299599517497736,0.7457290318704798
0.7251047804270724,0.7466495198696184
0.7359834696148634,0.7468733812493659
0.7307107591605889,0.7392078798443814
0.7231934816374427,0.7292499038556984
0.7210068289426278,0.7273431471336126
0.7166387652849108,0.729114743435828
0.7042234794406478,0.7307795554900647
0.716941908677217,0.735380280005126
0.7428432010685838,0.7278653783456969
0.7215009426199454,0.7386719159445602
0.7327746710905704,0.7236333479288515
0.7185058842852151,0.718811813308254
0.7304658725366112,0.715186922954991
0.6970975675210579,0.7110387830247294
0.7151614685402513,0.7160826936332272
0.7278743731811904,0.7077817115180215
0.744017718599547,0.7050292838625465
0.7279081945198757,0.7122210907185763
0.7083418583856541,0.7054787027377313
0.7060954093865163,0.7047236638246426
0.6720691306593757,0.7064578412095155
0.6386193841831712,0.7049348145053115
0.6369467724976262,0.6591330520523786
0.6657871513133063,0.6615257184575728
0.6579878764222723,0.6565856542970396
0.6320333457787469,0.6610767196980258
0.6512302947845326,0.6688369326680929
0.6989558078279009,0.6636603962103587
0.6769505702089033,0.6668164669621637
0.681166902718504,0.6632983109808996
0.7140106201422692,0.6618456279203476
0.7115939969243473,0.6667445411128843
0.7371391258643579,0.6660344682617765
0.6882038315441567,0.6570307791408575
0.6406690028586163,0.6967488012433323
0.6510233296637683,0.6947650372133255
0.6820776020821065,0.6919137425523211
0.6616556807021169,0.6873451640410894
0.6699321999440339,0.6851300464430338
0.6617670426942227,0.6833313273022957
0.657409767439448,0.684161011955869
0.6513479654530142,0.6895717859686875
0.6715180821252721,0.6851874444832149
0.6794002435941856,0.6806922270419516
0.6978713789045948,0.6833073209538489
0.6122943419418226,0.6794077902798461
0.4758672207170652,0.6376565659184099
0.3678554127149934,0.6428958037598673
0.2933814576705654,0.6459120183386217
0.3143921255896224,0.6455558816316267
0.3200752053434158,0.6454211287519809
0.2979730804891419,0.6467734176845373
0.2598676660287485,0.6393853555878336
0.2871304906066431,0.6448683706309104
0.2747594833742918,0.6457355756664517
0.2233178646773393,0.6465085176547056
0.2402355100620067,0.6414135794348012
0.3134388562614999,0.6451286516964276
0.3793582251304402,0.2930763756246343
0.3854717920934764,0.29953062071050823
0.2949613356461508,0.30807031812923363
0.3870790080323386,0.3130550733905064
0.4885079574604748,0.3238566270460721
0.4036960109086603,0.32615624872543975
0.3656942548756049,0.32179163246934145
0.4407140165326645,0.3366267265146506
0.4991441736730767,0.34220911017055683
0.5701586995746705,0.35576405481750656
0.6229680209025091,0.3575556658159045
0.5833619588911741,0.36347025794750093
0.5511218046488239,0.5607496569614508
0.5859780745694975,0.5491539562721773
0.5401275600670054,0.5401802692565268
0.6013368850590853,0.5413260281158476
0.6077988255662862,0.544379519791163
0.5478823556411413,0.5375882668628098
0.523432184720051,0.5393602295162205
0.5653212123367478,0.5402130386168844
0.5937211871031957,0.5396889679143169
0.5843822349085587,0.5415652506443913
0.5971171422560676,0.5400096578529252
0.632040753044521,0.534192224251663
0.6638919550373655,0.6068140799935491
0.6684615843618241,0.5980339559986257
0.6374371647799971,0.58092040186654
0.5465541649068878,0.5794725249480973
0.565453961232037,0.5835943706411802
0.5135224300510689,0.5732746620514557
0.4943008482223906,0.5621476807896292
0.556768032300761,0.5597724134783444
0.5900137320000759,0.5597380479878113
0.5837832479514747,0.5690697719536073
0.582350435406935,0.5708189165752031
0.5862169690375102,0.5654539887486408
0.5868776974921645,0.5784222258097298
0.5955346040760207,0.5801183710977904
0.574364973938999,0.5743683680816967
0.5997298909295886,0.5760262172805636
0.6224753839286638,0.5800029300575592
0.557114940325285,0.5782735343890544
0.5541519748578955,0.5839374729146298
0.6122871989363076,0.6005606068225144
0.5986606375380025,0.590258777519977
0.5571711519428789,0.5947948652635292
0.5464747383596372,0.6024259712963818
0.5477126255437111,0.5983841197903071
0.5456956287061715,0.5580097475296631
0.5455544512422174,0.5712685798881492
0.5911285046479194,0.5697920080840978
0.4887719640006355,0.570778554879481
0.517832965925041,0.5832082259956672
0.5324516557285853,0.5767904567249311
0.5438962901554313,0.5727917296131785
0.5462666521301466,0.5770577615751625
0.5400512802548852,0.5856257301418886
0.5168216780731204,0.5934011492413772
0.5402523785166021,0.6029805843878526
0.5553120089625644,0.6008658544062956
0.5527716421605194,0.5464216764481153
0.5731002022110644,0.5547017007190695
0.6116683905250359,0.5519541449445765
0.6071310527587132,0.5472500853131446
0.5373981596027938,0.5497697177628836
0.6408949116556036,0.5542119518445234
0.5718670715306701,0.5526974580761312
0.5970210385793321,0.5612602261970542
0.6277190568538681,0.5627774148256592
0.6488567492028686,0.5643530289072389
0.6508595022577027,0.5718827775881214
0.6815284528624416,0.58255364207966
0.6962878432788852,0.6585931912384018
0.6746561890678421,0.666431369180529
0.6314887617707939,0.6592433425382159
0.6027096320335302,0.6536979614024538
0.6145079590559829,0.6551891000842183
0.677166185042415,0.6492775612667085
0.6192563483029866,0.6418469144314097
0.6153436219337377,0.6618286363472071
0.6365311809538315,0.6621997918645317
0.6744298497474291,0.6599235823976211
0.6637546577042922,0.6714329972846472
0.6782070929259795,0.6739785556517721
0.6742736742623509,0.6755189002024858
0.651822600513125,0.676411476463367
0.6998058437194993,0.6754665192565186
0.6302730256757584,0.6678312904391195
0.6652223622766379,0.6666618611124066
0.6246844304709446,0.6635677055741799
0.6110462454796001,0.6546405399043159
0.6622611576898788,0.6506896611684603
0.6261762416949356,0.6492217725181325
0.6132302142496987,0.665900651957761
0.6502742524009527,0.6589956502361646
0.6361774111340838,0.6777428005045659
0.6657702366950721,0.6417948901383325
0.6873674775564534,0.6506733762918044
0.6552906987682966,0.6501885640420028
0.6203374504429507,0.638895981404058
0.6483160707655201,0.6493902188535338
0.618783051574919,0.6456729428087736
0.6081315204661327,0.640448147802109
0.5593323606176818,0.6410373255282675
0.5920689192311598,0.6427073980185558
0.7203274507431238,0.6425796814833573
0.7198440556960112,0.6563164400852722
0.7033953904562663,0.6530382750582717
0.7855131109095178,0.7040397940482364
0.8116556408011212,0.7005466682273711
0.7841433879549246,0.6904920873388237
0.7358747013087411,0.6876478865140917
0.7243654481094189,0.6869925941080551
0.7398265019996974,0.686618899854179
0.6603781883534389,0.6785550136595719
0.6643977107558682,0.6824577203683982
0.7134286369635173,0.6906188274382281
0.7433518468099761,0.688820424116856
0.7510571315058842,0.691585483985281
0.7191481545694859,0.6934209636989899
0.7420405370164763,0.7329496498604194
0.740633045332734,0.7346905567104889
0.7435597882475667,0.7301363720202335
0.7225340053264971,0.7220037231503494
0.7668381706438719,0.7165201079785685
0.7869617843246505,0.7062082022466464
0.779609875669704,0.7222537545047196
0.7838019509451014,0.7125174918040813
0.7695539641756594,0.7112421283757293
0.8269200084576344,0.7184643068216869
0.7994427129090856,0.7113254310451528
0.7979486739094047,0.7072166050684552
0.7186436168145848,0.7987483935565758
0.6300200377214157,0.7931220012695626
0.754005979338655,0.7937469445291009
0.7156623614223708,0.7878555134321751
0.6823139795807535,0.7805701882245348
0.6436158393098595,0.7688204867167793
0.7407116818973093,0.7838270891487367
0.782347693549316,0.7705008630778838
0.7845776364565141,0.7641357733392835
0.8123776820007492,0.7744034106655361
0.785605908206544,0.7792111903618614
0.7719231927131273,0.7750023293058589
0.7596637751254839,0.7599662805533803
0.7533424121869264,0.7532574405193216
0.7230432102293228,0.7597024294287319
0.7563492449773014,0.7524419479205945
0.7780154984673614,0.7452009313450428
0.7984067979405439,0.7523825402417297
0.796275940155515,0.7508920460577034
0.7957757151779509,0.753690389942936
0.7892194288307378,0.7517098198408377
0.7767319700699725,0.7436943015245926
0.7748298779764521,0.7491063454730084
0.7886200591784277,0.7584415950262329
0.7719397857039384,0.7892712417261291
0.7951822145297355,0.7825275415319264
0.8122386597991348,0.7828052696204468
0.8070722453607188,0.7846680047863659
0.7826010566753235,0.7705444649260967
0.7836809311219332,0.7718126661091536
0.7964307339294393,0.767893436091026
0.8090290043799034,0.7719991157709147
0.8513713406196416,0.7673051816834512
0.8813771046473015,0.7737523062560125
0.8665493596424495,0.7715052663668553
0.8369161653534801,0.7631560910265751
0.8468516708844854,0.8362067196528257
0.8452166104149338,0.8243905092977218
0.8590448425163534,0.822572698557001
0.8782596137875706,0.8204602367625995
0.8650308613351047,0.8143040897076713
0.8516538000018047,0.8065193528326864
0.8697461231918296,0.8010016545742359
0.8612503890083262,0.7997551366485577
0.8477286329820385,0.8019526227437791
0.8595479087408421,0.8029585527359663
0.8400516876390672,0.7912624336990153
0.8194111623342702,0.8055389213199368
0.8327639276635451,0.8352524836612574
0.7974706254618188,0.8322962529242912
0.787375005836027,0.8384229273712052
0.7655392634733859,0.8358375923053905
0.777300038530179,0.8239511885059028
0.7915574767353294,0.8130694834081975
0.8255745820855226,0.8145449885741446
0.8118944857703964,0.8127838249590468
0.8267182638249922,0.8031916480966043
0.8298942563748676,0.8164376499602413
0.844425906125346,0.8202411736041715
0.8523801634529352,0.8046056900474319
0.8531488736626173,0.8514772178502359
0.8340550320284251,0.8322594889025716
0.8204840876832226,0.827900896206273
0.7931955216171859,0.8266886558313411
0.810418462990469,0.8215886085676123
0.7773564416280819,0.8162177337629068
0.8013912564456919,0.8154647940330002
0.7873174498597083,0.8167203110646982
0.7978688760280889,0.8106990514447951
0.7701991176502262,0.8122042252110615
0.7920930960229152,0.8136457277770552
0.8110990039877063,0.7997805961712308
0.8237743277342034,0.8057720651188635
0.8309672065899772,0.7969058329680179
0.8273116886872555,0.7899112052566448
0.8178223475312661,0.7865655188714344
0.8257993659239485,0.7826617798675058
0.8018668369493634,0.7829022309484145
0.7920874277054614,0.7766469382536884
0.7641866107067469,0.777817562323832
0.7414658298434932,0.7752111844855326
0.7379135155582052,0.7790111091852645
0.7177199814731431,0.7768707486939617
0.6890332342598043,0.7725205358313753
0.6917869926714731,0.7071170425611668
0.7281016170657509,0.7057375131234136
0.6972453769165555,0.7120763530787704
0.7110019160074473,0.7073934637549298
0.7225626939197615,0.7058603792424979
0.7231037218004427,0.7111533461207602
0.6939171713289699,0.7103786838210175
0.7351784735150341,0.7137994523451554
0.7162292573171768,0.7155699262528823
0.7318227471068631,0.7066663746306006
0.7220553980831482,0.6988785844904695
0.6692275023145747,0.7007758687275023
0.6491161533525357,0.6825736236402528
0.6715820541648371,0.6843243495053936
0.6539746116883719,0.6832288686738841
0.620992131588003,0.686045292106695
0.6260082079176074,0.6852291583580538
0.6079494012995971,0.675934742748528
0.597296603101482,0.6782676269113107
0.6414868934930914,0.6828242149245578
0.6458895976785691,0.6845124594356359
0.6479714745611921,0.6867220609944571
0.6610122892773166,0.6785458627441808
0.6318982251413606,0.6725170757403292
0.6897932985380849,0.6363961324032282
0.6781480616904866,0.6379677000180434
0.6710569105497007,0.6321652044174705
0.6836624176185128,0.6333756198664184
0.7426570304388947,0.6332739072820371
0.7556587465284911,0.6269781622741686
0.7385586315519262,0.6290967726985386
0.7220673044432858,0.6303327826490284
0.6936550330758912,0.6261645056667865
0.7253405591775296,0.6291193000903915
0.7301968125529542,0.6263192933504393
0.7136217812145985,0.6258089060270802
0.7418888121066048,0.7135325114018661
0.7293494820793455,0.7125610588077395
0.733433782162611,0.7003958471388589
0.7514395770767411,0.6975823125252822
0.7421565545287335,0.7006560977692101
0.7479964732683305,0.6914889416482664
0.7628514027053849,0.6888729261853515
0.7416312614965147,0.6850474511415783
0.7563433124008124,0.6845142291595344
0.7553397395078475,0.6878157056251725
0.7732692296483089,0.6853921175006371
0.7710369362819406,0.6839215703998658
0.7725438792256177,0.765578077472078
0.7670739231486859,0.7605280348155399
0.7852931535969881,0.7467020892116163
0.7962650871504601,0.7436091686102687
0.7596801457798333,0.7409476989175289
0.746341744803508,0.7366552339969628
0.7350290285504996,0.7362006028072419
0.6666032773322769,0.7286969996130703
0.5523105121198578,0.7269817028461802
0.4798738681507489,0.7244591475052637
0.4491101024702212,0.7243736041654261
0.4558948751660848,0.7198842125405699
0.447688615253227,0.4946955423642261
0.5069393351966577,0.5136811311071701
0.5135258373384889,0.522607173413946
0.5292182247531795,0.5343822063198593
0.5923463948202562,0.5397939252626888
0.5988339567479933,0.5485024727165104
0.6588226097205235,0.5497927619443719
0.612404234185343,0.5461194871634756
0.6572125753133345,0.5457176350853775
0.7304495555573515,0.5478729634621805
0.6368223985423843,0.548817504738115
0.6242640097364559,0.5588102123236098
0.6560845212580232,0.6223866996573516
0.6756959525443301,0.6193276748931297
0.6722912616236844,0.6224802501302477
0.6295871335920075,0.624134983534886
0.6721447466919396,0.6245177852394189
0.5974342632752573,0.6292208222494545
0.6240124747543317,0.6320020035175375
0.6040022708970861,0.6317028101275325
0.5990499521402545,0.636071986026684
0.6051733993221656,0.6300848349817213
0.5544847706018575,0.6291151818655194
0.568960617453035,0.6292889869899614
0.6185917529668438,0.5876969680517238
0.5689539830743803,0.5919735555031159
0.6677993418170124,0.5952138244558257
0.5708231225830599,0.5990981517161087
0.5381923053403498,0.5962216854745346
0.5758882555423205,0.5872822013807036
0.6652453726808284,0.5953209820423163
0.7700513703094521,0.5855202259394453
0.7392161046212725,0.5861634661494489
0.8809442791655383,0.5800479932885114
0.8543698241359391,0.569577848642029
0.841232404776754,0.5747030627771252
0.8418143148404603,0.7690152789350282
0.7719229012900205,0.7607140615067555
0.7284102322285381,0.7464433687187582
0.6863453775556506,0.7548475631833278
0.5981033190166439,0.7465621423690957
0.471844104556102,0.735183663607619
0.601477334400632,0.7498184613129018
0.5889858444482644,0.7405003148671508
0.4952343702386418,0.7401876017181506
0.4082392316353341,0.7358638855100037
0.5090191724905048,0.7264158743614069
0.6054809473827404,0.7298619461734283
0.5618470715634759,0.596804231796611
0.5781702751574648,0.5963203499887566
0.5945830374517723,0.5879892551140686
0.5725391145008071,0.5863441229212675
0.4894423664964938,0.5790733074016712
0.5010473347900622,0.5742213425116277
0.557556057078021,0.5931632201534497
0.53297650318292,0.5742570719398024
0.5070830745279916,0.5733747406142036
0.5135787842286891,0.566836351990627
0.5652302075139405,0.5879130211950812
0.5609451845546344,0.5838484447875925
0.6020252664503897,0.5557260881064747
0.5973537091780202,0.5567768420693916
0.5909228145216093,0.5540523395574162
0.5196863710524252,0.5509395730219155
0.545447337429002,0.54915207644903
0.66186413274774,0.5596078317189745
0.6427947060148181,0.5610042381485774
0.6726209990551683,0.5751818305162273
0.6333175828512624,0.5709410334430444
0.6370101217850265,0.5568069228837298
0.5453680535811875,0.5659094854246227
0.5677096656090871,0.5761193331139992
0.5422950219111141,0.5684724112244639
0.4878486521944122,0.579295449312289
0.5240183216222435,0.5818973709743904
0.663308332151123,0.5697010177513064
0.6316036672632547,0.5812401752237373
0.7049574955196262,0.5783401519833657
0.6852499857003526,0.5860057108754031
0.7398450833415139,0.5863595338117087
0.7262858469616152,0.5743559496919771
0.6462754409452823,0.582658287080261
0.6195182233597646,0.5722757354425515
0.6255220044266524,0.5812490748273147
0.6237703722436857,0.6317582165032188
0.6479369125367768,0.623905051998595
0.6334233229391585,0.6225394201743345
0.6156981618657423,0.6427877043488845
0.5527864655119558,0.6226733402550431
0.5621400651556102,0.6201316598825365
0.6059325247913695,0.6319661961184299
0.665666134903384,0.6221825311939241
0.6693091816846654,0.6223654145144223
0.6557508220432283,0.6285829249377645
0.6358753835857219,0.617214522959581
0.598568561161455,0.6059279385902103
0.5344894690274241,0.6187373189736725
0.6077932908666782,0.6128669980264588
0.5327740948905698,0.6119974996101682
0.5504710020142526,0.6199738062377866
0.5095322369236813,0.6084581473437797
0.5452118719190108,0.6217182833973794
0.6478613413435222,0.6061195351644323
0.6070471491386865,0.6175626861290009
0.5491135647678275,0.6140861755307162
0.5978743223192259,0.6265299008193581
0.5388694880401587,0.6188567014695366
0.5094657878940735,0.6228394951200593
0.585519579980872,0.5469544347973647
0.6576990505771029,0.5489587172142151
0.6362437268417994,0.5535907931094921
0.56545191628431,0.5425214477217012
0.6005964657639006,0.5561568521246664
0.6698434585506766,0.5647140092284659
0.6972128587489942,0.5598856558087546
0.6516228096624871,0.5768527344618036
0.627815511941657,0.572544610995745
0.5928226705038423,0.5635183667044186
0.6715382042541572,0.5518882973093227
0.5914900579054813,0.5543960954116064
0.5149376990896873,0.6212151202244957
0.604499297887083,0.6211113817979004
0.6140660873701959,0.6187544664856657
0.6071878605183961,0.62060701791051
0.6598516550168537,0.6145700095281267
0.6596216994161309,0.6128436509814346
0.7173129320069583,0.6301066535004627
0.8110827872166299,0.6308429473710917
0.8590762845747019,0.623513192864048
0.845418781433768,0.6201514594726778
0.8115720101866376,0.6195440759816583
0.8077764710027789,0.6157338408901106
0.8620082043857556,0.7934158263130384
0.8203039778705753,0.7842671078344724
0.7774169919641393,0.774043837497953
0.7682782663728706,0.7674301568505315
0.8032102092530172,0.7598424156951419
0.791890883376224,0.7537357408609384
0.783359824937934,0.7812131437159731
0.7615319721158925,0.7802943819369238
0.7714904507047639,0.7668647757742607
0.8116476979205204,0.7600064975156149
0.7591438200208805,0.7496037977481712
0.7834000808405964,0.7508024627780209
0.7938540826020547,0.7661820342557755
0.8065210655176965,0.767371499241535
0.8733152102666503,0.7582761463974449
0.820184876778559,0.7516189557078554
0.8929667672950422,0.7613312366771045
0.7398393196465153,0.7655985223037003
0.7678465706338401,0.7632295330300503
0.7643002462714231,0.7718112919169536
0.7348226208814878,0.7648882883689134
0.7319549845025953,0.7579345072280882
0.7584200790695609,0.7512771236854537
0.7211737384878251,0.7492274902884063
0.6978350041710991,0.7238567687916265
0.6768492925367798,0.7418478425721049
0.7046722241580851,0.7393028278196422
0.7262058881589687,0.7291888629558315
0.7675655556522673,0.7314645477891413
0.7937486166925102,0.7289648757775353
0.8100314413151276,0.7520878676197474
0.8323778265643783,0.7476881313726672
0.8549224684725508,0.7462907122849652
0.8406377409357925,0.7320030235211907
0.8502979972237682,0.7260071474000591
0.8472734201796778,0.7384343021716933
0.8179857475752302,0.8281589352500895
0.8121794625780895,0.8284909157366069
0.7738105273377537,0.8065914794942315
0.775994537208624,0.8134094162842912
0.745672519435859,0.813295430062625
0.7585415427315852,0.8185318518679203
0.7724221963163042,0.8030970302011229
0.8245858779911123,0.807894201717142
0.814425208670737,0.8194622775545272
0.7983319727895216,0.8023606090637919
0.8618805935862787,0.7931811583422768
0.8420676848357561,0.8101136362073759
0.8343011723137871,0.8133180578370838
0.8401146085847807,0.8171114807732381
0.8654280730479923,0.8032231650471444
0.8551182290610221,0.8020685138551978
0.8438176927252489,0.7936093564573069
0.8634534872935041,0.7938449347674852
0.8414894954674755,0.7870536283067202
0.8154393024007615,0.794627722676423
0.85726812301611,0.7887053951614671
0.8559116209184879,0.79242346671496
0.8542700317450346,0.7812192808977767
0.8595152713544049,0.7889608987907103
0.8531306375510782,0.8535090901818246
0.8536399219209255,0.8517316158664099
0.841360518166622,0.8434774466954651
0.8457588913406388,0.831681704184301
0.8449325958479662,0.8411779498830086
0.8687174084406518,0.8314034209069607
0.8802568055082557,0.8233303447454976
0.882022332189584,0.820665414632237
0.8657443269459629,0.8153844567149545
0.8594210913250665,0.8236430492103529
0.8676496033716393,0.8308160666098521
0.8557756761415404,0.8160618923656212
0.8610961480047145,0.8541177658938555
0.867725611911126,0.8515388236094359
0.8632470456620659,0.846562121177449
0.8669708606747338,0.8420339380855025
0.8527929746109361,0.8399104194928914
0.8419706274911481,0.8404212712504195
0.8353947622843009,0.8284656395103892
0.8082924316922068,0.8264382723611012
0.824760510714683,0.822275176633251
0.779724856523759,0.8163597283173739
0.7884427485812698,0.8247547876075026
0.7983577203520406,0.8121298729541084
0.7947788884555701,0.7967492805952654
0.7689587032619521,0.7980797318663501
0.7825242707140315,0.7929524083164916
0.8096993423922708,0.7926027845167073
0.824204277984602,0.7934681605492453
0.8205921786106299,0.8025759220561655
0.8184888484763452,0.7822460891027799
0.8248082603038137,0.78628645880169
0.8026953386865369,0.7869184007436733
0.8063019313846985,0.779405101300239
0.7842433192113379,0.7812855377025228
0.789436385592973,0.7736512058471523
0.7767837175168683,0.7821824407407298
0.7804378543064513,0.7758174726702316
0.7665956439862455,0.7754553980172214
0.7226260810292037,0.7753517660260505
0.7050139897221052,0.7710955670082267
0.6440066075398191,0.7735662173214432
0.6685751553574019,0.7631259161435748
0.7192792811365766,0.7664492953823601
0.6783199891318158,0.7668116952863391
0.6536958956029034,0.7694026532958118
0.6851801303323309,0.7634585248169086
0.6519166786490628,0.762264976828681
0.6650226942904794,0.6625207345372229
0.6563598593786467,0.6631445984674893
0.7207643406598206,0.6679846928561426
0.7018462510491937,0.661539059574869
0.7192664020367218,0.6615985358564381
0.6801197784701921,0.6552507014748551
0.6727851286377119,0.662355639310078
0.7377788995951194,0.6635052739208785
0.6950417585711935,0.6594041738683716
0.6193197228332062,0.6530705473679079
0.6365693742653283,0.6607920255286273
0.6723876153206981,0.6492639247623871
0.6285935945028011,0.657917748105058
0.5993440067321006,0.6604748160686629
0.6162803875020734,0.6584147423231674
0.5980513113586633,0.6519317844725792
0.6521949844092866,0.6565503751444145
0.6233092158057364,0.6497623228221825
0.6311298365982424,0.6551552435704051
0.6274907579302337,0.6567699061711575
0.6291270694000396,0.6500009362490661
0.6538852742104039,0.6436610700547545
0.5991980878556219,0.6490708778050343
0.6251774245608835,0.6518456370517883
0.6758598933150378,0.6128747083191837
0.6260547873028436,0.6182343064463357
0.64090939808545,0.6090802939448624
0.648147866131641,0.6029258045018243
0.5886913844107268,0.6073139487567505
0.6278183545741732,0.6054145168761145
0.6250508572363113,0.6083580013539289
0.658211443710833,0.6068531607661358
0.6907054527315607,0.6046370545197637
0.7656659382031769,0.6007885278773182
0.6670983436917733,0.6030492157523103
0.7331104140717285,0.6101469094095964
0.746432114671595,0.7104135435489891
0.7016954149751619,0.706844048011212
0.7065485581081657,0.6969629978479925
0.6401637120845681,0.687219225179753
0.4842709050876285,0.6833074020293465
0.3265212236505131,0.6820567660282951
0.2989171706374361,0.6860875399110224
0.4877061824068612,0.6750604860105195
0.6621097936407633,0.6826250316194369
0.565356914195641,0.6789316341851749
0.573948010728102,0.6679611481027005
0.6306658088570288,0.6748301845170883
0.6378952749368124,0.6010399497091511
0.727215505225895,0.5933611016003001
0.6431555709862115,0.5893698257575497
0.5864371386901376,0.5828644958474287
0.6155005033569886,0.5627155564263584
0.7339821449229048,0.5616444627500562
0.8052137624593231,0.5711970077242927
0.7566945252339593,0.5783431070957594
0.6954974120082941,0.5819342326001614
0.7223730442389679,0.574230705944265
0.7076636492661518,0.5821131400054622
0.5136127987524665,0.5781630637843479
0.4642074995516435,0.5592094980712156
0.3769997836690183,0.5714809065812031
0.3456448460689171,0.5880438024840474
0.3163164619997912,0.5961917716400684
0.4726042429950486,0.5915227866177846
0.6027717015239623,0.6029995913323728
0.7829954125564319,0.5850901586235048
0.8677723136765626,0.6072387524947703
0.8630585076953236,0.6062234544053213
0.8153594908897138,0.6154987083764181
0.7034269999224535,0.6081029638544483
0.5627704564810704,0.6110001825380271
0.5493651226459458,0.5840090194787836
0.5494621574895721,0.5991134672848526
0.5643909567991502,0.6080790568102487
0.4706777291970078,0.6017573951598342
0.4468502312462942,0.6195917170017399
0.3864553332662735,0.6222086008298321
0.3881277516774516,0.6362233211469666
0.390993952463415,0.6192935240902748
0.5171507117506237,0.6337293691910865
0.4993706411704438,0.6336089967546639
0.4891020811996173,0.6095970588349373
0.4609362354051821,0.6150731460639641
0.4462046036038146,0.4946316430358827
0.4067946768573284,0.504034942280948
0.4886532850854307,0.49766664616783207
0.518133469585003,0.5067393292765558
0.5303163430966017,0.4985146232946379
0.5149706798304118,0.4904044632823522
0.5812986988170264,0.5252651436022724
0.5064067010209014,0.5344879105369951
0.4070871321209149,0.5356532275589863
0.5318271033215253,0.5184280373528348
0.5552123787477324,0.5276268579147119
0.5899707952912069,0.506415706639356
0.5739172974672287,0.5781666296045048
0.5525570375891474,0.5747427799009168
0.4820314782522802,0.5703416168833014
0.4142455715244683,0.5748670471763856
0.4480300965031142,0.5617358152118707
0.4720751150723826,0.5690271915676139
0.4373298178397876,0.5770419811479509
0.4521620820943729,0.5758555127380471
0.4695547735737068,0.5694932826913046
0.4542719335300639,0.5886647202617258
0.5621860787082505,0.5698238446120373
0.5441780518665359,0.5930763598990699
0.4615900953115027,0.5732538148788061
0.4246946071032812,0.5616338858693212
0.5054092510950857,0.5652445263866688
0.3654655075772101,0.5499731129766441
0.3223516467624375,0.5456234960894762
0.4089300646601276,0.5453663230988832
0.3975118885927321,0.5446663653834006
0.3944733836027158,0.556544331734643
0.3915308726107588,0.5561275389706548
0.4144931365503387,0.5568599471491399
0.3437017851234191,0.5565652165648068
0.3387347906748544,0.5357136178513201
0.4372126017194976,0.35393563374791354
0.4368548155033455,0.3661129570300026
0.3949343410612552,0.3690017826032495
0.3484171732162821,0.3766497487107021
0.4290877948167907,0.3773295405887974
0.4452899517011489,0.389156654211693
0.4567237561155425,0.39802958103656744
0.5218369390292433,0.4279888296335832
0.5707633102018933,0.42797772525346023
0.515637958901712,0.42819299560989404
0.5032305175899673,0.4187402163280307
0.5529834271629149,0.45379149087983606
0.5875614721833186,0.5300784252053065
0.5330612877899227,0.5286247013819381
0.542387089778405,0.5212533521201644
0.5439299435701938,0.4986254251256885
0.5431331471060089,0.5067066669313223
0.5909651174302123,0.5143669875665593
0.5847312474125871,0.5259044352653163
0.6075260176093932,0.5239248104331121
0.6212777148912395,0.5432641337007725
0.6003486078681749,0.5447111523829448
0.6222250945915114,0.5254055217907051
0.6689606351743776,0.5253038989167966
0.5824371554016093,0.6547772222479886
0.56312653598086,0.6485934126100914
0.5759192770723857,0.6243129127009827
0.5201259644988879,0.6254454731315433
0.5407806615548819,0.6201279628289317
0.5850131261534971,0.6304694155354752
0.6209353570643213,0.6163665450787761
0.5529206349285843,0.6218484758895042
0.5904353825191514,0.6206979890563226
0.5795399133313374,0.6181941027409871
0.6254672314300013,0.6220417051191283
0.6418554410618519,0.6243106729985484
0.5578642914252515,0.643677171575138
0.5965788836176947,0.627539266681233
0.5980839601441797,0.6210104339066542
0.5799690120335145,0.6114869344767637
0.5931315077621627,0.6237578544809284
0.6180958837543856,0.6386449479030529
0.6306788698737508,0.633375547074303
0.6285527589470318,0.6425340458010707
0.6748983116702602,0.6323620181010293
0.7116685857912141,0.631987023090672
0.6772471517126702,0.647615358771404
0.6224691432382988,0.6525280852917715
0.591704422900536,0.6337502668903041
0.6678325222574583,0.6343402614662703
0.6945899593434149,0.6385934267252975
0.8079915381791113,0.6399745521862991
0.777538600219943,0.6336553575039519
0.7659553486678438,0.6544307791564902
0.7760775909411896,0.6407727411783155
0.7969615943921929,0.6500933706311381
0.792878590926284,0.6608332893303787
0.8360749230933476,0.6572043432282161
0.8295540187117291,0.6499011194654437
0.8863680430492372,0.6601316064624031
0.8787349247026076,0.8474466354831098
0.8711767711992137,0.8249354935660193
0.8930383818181226,0.8220305108383471
0.8666585357019595,0.8144814302733421
0.8592542811894647,0.8161610236647565
0.8045449345075065,0.8035764618886659
0.8179284982061231,0.8171315856447716
0.7850350922369967,0.7996858963700062
0.8078168184172544,0.8051400651392757
0.8039633827351392,0.8132014150205451
0.8239444219833353,0.8020396714875493
0.7985412845208467,0.7952000259305
0.8448623962793832,0.7990309964961937
0.8312148298182883,0.7967839813013506
0.8252423486679715,0.7936360987561436
0.7853747656218933,0.7966364089440681
0.7028624020310014,0.7861990313527691
0.5809189748645237,0.7961301506038083
0.4862534598668505,0.7984382314332295
0.5002217349090038,0.7973440890669269
0.4681771993567213,0.7905589210155501
0.4498305677182027,0.7834390858966944
0.4530045943373278,0.7932471257634921
0.51422745157041,0.7928849633585348
0.5341427558842166,0.5283566884540798
0.5449517127824776,0.538784261871627
0.4783573269310343,0.5518455857303177
0.5447397821602539,0.5515419575409395
0.6355429389935424,0.5467315978136866
0.538460076116479,0.5520834540047539
0.5508161336842113,0.5562351171207208
0.5365514597461204,0.5661096575553303
0.5982096029155529,0.5651654452652836
0.6054046355771309,0.5801055974975213
0.5788944394914232,0.5789643864128857
0.6313047407791154,0.5841686120338927
0.6152877712563901,0.621182528722195
0.5930961529716433,0.6204739767808546
0.6200665151158183,0.6208369276619649
0.8173810710410071,0.6072899163456396
0.81110071408429,0.6146649373099285
0.8140863274918316,0.6151451771925872
0.7972087885817377,0.6205234549245681
0.8046966965753607,0.6134380978640656
0.8010464478609153,0.6266486657013889
0.8106072623887947,0.614604884288036
0.818604624413987,0.6238535323302954
0.8011490977321235,0.6210136202737998
0.8156707872047994,0.7866855021370575
0.8103877011566324,0.7804281211597437
0.8233627587259994,0.7691451173014101
0.8206068070244922,0.7711140749919212
0.8380549885099781,0.7600662262284918
0.8399232688514847,0.7601979990872336
0.8108638467285646,0.7445265948254283
0.8253258738180446,0.730001232675146
0.8619387749563269,0.745430224022921
0.8699752448718719,0.7444233003500775
0.8666683062910759,0.7299808809429168
0.8351758790839056,0.733228487331404
0.8395756127020496,0.83358969913584
0.8613060188717919,0.8236900948234275
0.8659586435001311,0.8222832415658379
0.8734207678286513,0.8292564808147502
0.8466414135726251,0.8131110093117814
0.8429225662627223,0.8112883994722824
0.8469348279082888,0.8042900293765037
0.8375997516155821,0.803221590807323
0.8601377025911877,0.7965819543306482
0.8306636833164375,0.8026034878818824
0.8419090419937784,0.797128809285623
0.8241865368445075,0.7920642675151603
0.851000706834853,0.834154099769784
0.8667312639117107,0.8324604199835388
0.8593807378435477,0.8312017984259656
0.8446959741050156,0.8405840024054432
0.8588381024873416,0.8394191373372047
0.8308306745715411,0.8265217591747529
0.8446098905203708,0.814499857493872
0.8444867941583373,0.8135865269395689
0.8555054347224592,0.8140458019334338
0.857776001805345,0.8174638630217385
0.8611707919445099,0.8258878704080617
0.8173273257175694,0.8143410426121256
0.802134117817039,0.8225351849452772
0.8037569945390935,0.8270844464584343
0.869552238705059,0.8350859397874327
0.8830710347314813,0.8306066539261772
0.8620133384752012,0.8286598570763397
0.8669503123198617,0.8211902595985007
0.8815704592181691,0.8098243601399129
0.8591331557844856,0.8035793453634714
0.8401515821312832,0.8121734950053834
0.8357533887694432,0.809236592801925
0.8268718203396842,0.8094647918617577
0.822053001675081,0.8031141365371955
0.8481749127811361,0.8146618342798643
0.8612638275496588,0.8231831689383511
0.8752272389030388,0.8206162747934369
0.855126133256182,0.819352009650598
0.8283194580089245,0.8243356157501869
0.7989582306056108,0.8193276714775137
0.8421631172081484,0.8056866270096522
0.8491702858794717,0.817262692758873
0.822011553442996,0.8199762494739131
0.7613819041912887,0.8058393081301721
0.754818693599116,0.8131591324724421
0.7478309918891087,0.8045562482159274
0.772604236179694,0.7548535698000162
0.7956507394648525,0.7604270175470689
0.7886616633997056,0.7616925570775921
0.775919342182514,0.7723774486469328
0.779761791344454,0.7639730616178733
0.7804308101369813,0.764678096243959
0.7858989961281656,0.7626793890104034
0.8126496464172762,0.7590248090075737
0.8424699949879858,0.756912240275174
0.8380596995371897,0.7594367349990626
0.8168305166748732,0.7586567727287433
0.7975363883319598,0.7518591664257377
0.7761081748461892,0.7839013942121256
0.7670331476468987,0.7809667466825646
0.796004980502769,0.7802887273062529
0.7729919493746759,0.7780592854286684
0.8006093512810387,0.7768650613608634
0.814093368014481,0.7698789808611217
0.8267326157797094,0.767944362169892
0.8322855230831113,0.768781528665761
0.8326876584360187,0.7710099845126219
0.8311921706074682,0.7628705033778012
0.8332503419622398,0.7573302168380671
0.8595161845036324,0.7536697010305629
0.8449712195361277,0.8281437012156144
0.811275620903053,0.8215947180687881
0.8103090470917041,0.8150968465655146
0.8099378988221481,0.8083209079952489
0.8044513991785386,0.8103600723573774
0.774663032072136,0.7994081610408506
0.7713587166723325,0.7953832864303712
0.755864367272188,0.7902338852114985
0.750669863954826,0.7840097128608129
0.8134053884709621,0.7830666308257761
0.8217253896721689,0.7767178848517794
0.815757872718433,0.7715131625879723
0.843986610553029,0.7924290593102056
0.8039663632058839,0.78848391577355
0.832458212839197,0.7833694128374493
0.8532735415785856,0.7774276881798893
0.8142622944371302,0.7720911471739222
0.7373111916441036,0.7661620349128735
0.6841295239865536,0.766051826171571
0.6207353566508976,0.7597332004777639
0.5606549229355368,0.7666363473355833
0.348389513656156,0.7620584965865125
0.2893829328342713,0.7528068105233012
0.3075250012042757,0.755218024179513
0.3341847247361019,0.36113691033420764
0.3613365110711323,0.39313197181928
0.3184123991474176,0.4103450061245102
0.3233458682688955,0.42723023052031417
0.3240935983259719,0.4349198916637551
0.303102081729567,0.4428575165562985
0.2380948541581354,0.4500539646184639
0.2101628174240707,0.4434618444708369
0.2278705176247951,0.44654619765024683
0.3204809943828778,0.4472069995377824
0.4280665698521052,0.4441573873698511
0.4332751097631314,0.4525186023120412
0.4037969631304275,0.40170895882316476
0.5459092815138039,0.39651818006418427
0.5250613956242333,0.3968994519530408
0.6211169392585564,0.3946442794418419
0.5285435473350458,0.39122626124162907
0.6216633061014695,0.3912256958184924
0.5465372578146624,0.3887718830915864
0.3206535115091456,0.4057682728772175
0.4048992576652569,0.4049594350801883
0.3569052163885547,0.4049258630814475
0.3528961065912562,0.4131815179528343
0.3142450054818894,0.41219384741935505
0.2925243714825324,0.3604822221430248
0.3674832635241588,0.37122479367257155
0.348319487147864,0.38495571895049896
0.3173644457271277,0.39023036495861996
0.3368390084623079,0.3925670633556117
0.3091689213089027,0.39056421942712827
0.3885279011337975,0.3865270078441988
0.5817527833931136,0.372813338402805
0.5697084159155895,0.37476522810906526
0.6050638196318113,0.39025336684727796
0.5832165864721567,0.3760155690513363
0.497143704095449,0.3775511970615441
0.5426553215134041,0.5041481761441662
0.5809689987416428,0.4947302865536888
0.7448864649552619,0.5037024950712228
0.7790993136944152,0.4956010401420101
0.7330061687465524,0.48713982474696355
0.6676126967014452,0.48712179115301
0.6277168789841542,0.49205394370461686
0.6608524055671913,0.4912897104322978
0.650593055216535,0.50222634187666
0.5762567759298819,0.4972749965550408
0.631432096218926,0.49857461873911624
0.6888043712156934,0.48671310637855536
0.6830758045672335,0.6759595317029635
0.5335243654342664,0.6762707731526088
0.4074182935077802,0.6753150573324295
0.3444345535346723,0.6781246988424233
0.4484178752394353,0.6780948580123501
0.5597155468131251,0.6755124454905715
0.5375546571115392,0.6566699778107435
0.490567408593867,0.6695568959383389
0.5285868891019311,0.6535964696010412
0.4954692318200485,0.6454469910897289
0.409013984583244,0.6484209473186063
0.4398019092244899,0.6431729588710251
0.4501317147186291,0.4497842699826231
0.5208093210709644,0.4566523331570961
0.4616850817953822,0.45904396005863923
0.4278770626249396,0.469084989229587
0.3769102077753062,0.47673996453105244
0.4993573201052909,0.4741689744579761
0.5537337448389433,0.48254814316054284
0.4785900910330741,0.486765601518213
0.5244558025373259,0.4775289820257123
0.56429174190897,0.49279409183575984
0.5069005657113331,0.49351924945986847
0.4879269479215259,0.5034112575227255
0.5135262602368432,0.516066293020104
0.5266500863006794,0.5227649229032043
0.559872366052021,0.5297532139905743
0.5767545709421186,0.5252675967697071
0.5983337322816228,0.5287255545681088
0.4753314340045226,0.5412181074320608
0.4463636624149368,0.5515355118434881
0.450213680291076,0.5412106319046768
0.4429816453498861,0.5547361434110979
0.4575515921678058,0.5441336161924992
0.3956941718681627,0.5397617950766507
0.4219102875493074,0.5387796611736149
0.4716779732129458,0.446442426929862
0.427207499302313,0.4637349093293995
0.4180236845660742,0.4836611052973063
0.4176989959406768,0.4761296747267353
0.4684590513884937,0.4812810553855965
0.4460660796609198,0.4882154252349016
0.4392319616529124,0.4832695236399489
0.4459901720817275,0.47621057812668277
0.3977357088072862,0.4851096159081772
0.4333623594474661,0.4728827622260868
0.4413108339372859,0.46900026610354106
0.4390579344954458,0.4873690362316451
0.450463879974066,0.45862677990201195
0.4224854990076895,0.4556001893633488
0.5138564151416934,0.4531182965989617
0.4850535984580227,0.46882207896263517
0.5527118402049661,0.46106680143724466
0.5085492741003367,0.4607615044074189
0.4719098030956244,0.47425360064490996
0.4781881425401822,0.4787814119589161
0.4641493779188356,0.4860812756883076
0.4525863233019945,0.48130731820139105
0.5214107219409868,0.47889369413028904
0.4944896386577452,0.48293034618881936
0.6164282191295042,0.5094034134841771
0.5856383023448907,0.5163680804235125
0.5804590709763023,0.5117685218510731
0.6425097604093716,0.529672717970734
0.6678737811750816,0.5229431808346054
0.579188026458121,0.5245062628592073
0.5256590041806716,0.5190389283568074
0.5243444479905116,0.509748096424232
0.5677787008683804,0.5108298705745586
0.5547041116071493,0.5171889720372914
0.6556284527530957,0.5151112071625824
0.6962446214132844,0.531893136521982
0.7203942190068519,0.6783904405191232
0.7471403107970035,0.6677330120127335
0.7336629564268818,0.6585664509277508
0.7132785965625309,0.6337138972654994
0.6741971424145371,0.6445863115917031
0.7130149951513233,0.6249529574486532
0.7172242137761978,0.6370649844183308
0.724745227386767,0.6327597201721503
0.7071340964896374,0.638049342876926
0.7073340234773898,0.6265687709441267
0.7822136619990409,0.6527041520806528
0.73500208178438,0.6285380806937627
0.7635884807681258,0.7372670080857984
0.7205344720998287,0.741184822622193
0.7550638601578551,0.7351462773895299
0.7775796295661642,0.7314114605972757
0.7864743360692458,0.7290259005895013
0.7793427014441298,0.7288362073744903
0.7517176987762738,0.7273666443881835
0.7960633935122156,0.7344951539032858
0.7643138340867525,0.7201368360251528
0.7819832056594614,0.7249647392943207
0.7656434475534325,0.7324422535453359
0.7454356877375622,0.7348304404419459
0.7374944788303434,0.7749397971467262
0.7065263559990459,0.7772204096596154
0.7629363254404552,0.7755632126167366
0.7461562397853531,0.7797316966855092
0.7423399532990037,0.7802771299497354
0.6041134955230222,0.7782683850905339
0.5692075892853395,0.7770469350680229
0.5547553029340814,0.7681211827054037
0.4769918402328291,0.7650699454009479
0.5379934675130916,0.7800948648940298
0.5818191515823309,0.7737950735494119
0.6491167335706493,0.7778498917879573
0.5807329188884557,0.6402134243231715
0.5314393150804732,0.6425904845169723
0.5615972432402317,0.6375312190948416
0.5401388774967689,0.6567845288356138
0.4789658653338872,0.650390220736776
0.4717646687120146,0.649317647167424
0.4895851314187952,0.6381272764880322
0.5669609285698151,0.6366205179030104
0.582392521460327,0.6428072808790672
0.574810941230174,0.6471584574165365
0.7269095494237322,0.6546143419115716
0.6779366841002804,0.65685578503675
0.598750984047823,0.6519319253623846
0.4366789758336958,0.648011959704433
0.4313488562263189,0.6432070269474498
0.4314527410857532,0.6529222850341192
0.3969588124045816,0.6483847618489712
0.5064626029225575,0.6418526890858848
0.5483241341812594,0.6309914657245833
0.6265635393854984,0.6494879594432748
0.6831651189376379,0.6361053473614673
0.8037501741748257,0.6404203053995816
0.8803468289059911,0.6516430988108458
0.8355040971200977,0.6466795823110189
0.8000033068439388,0.7631780185695776
0.7883857623228535,0.7414270914882329
0.7828156148053281,0.7331803564036081
0.7811816139694624,0.7305764647955533
0.780978019442847,0.7269669018121948
0.7908679306788539,0.7123648415855766
0.782150128077386,0.6975773667757678
0.8064870933445337,0.7062809849598901
0.813417847063317,0.6961550860012792
0.7991899578305407,0.7131854033140796
0.8039105353695003,0.7104699049873049
0.7493596722665005,0.7139528707557884
0.771043996732493,0.7509442120589298
0.7778145800337247,0.7476258076792468
0.780742351457043,0.7548194169348197
0.7839187051978681,0.7426404756265866
0.7704978203487279,0.7498450543610742
0.8060419319208828,0.7246549586585356
0.8216301079813809,0.7344349783470698
0.8051328924103488,0.726467600964799
0.7837704634812194,0.7155687297838709
0.7687582119825099,0.7369558547617611
0.7706267110613462,0.7433691371852736
0.7909225602410771,0.7294883886200204
0.7799179116306524,0.7754850805756993
0.7878833622308689,0.767536916877388
0.7789657332228365,0.7647899332091705
0.769878537342738,0.7621639785479397
0.7592698093579927,0.7664798135363464
0.7367556304971935,0.7555861775376318
0.7573021979060889,0.7530457440305492
0.7756516621942181,0.7527861574947489
0.7678300643168751,0.748789026921103
0.7804180781990994,0.7566108314567739
0.7774121126253265,0.7727877035965858
0.7410419500335,0.7588726560483428
0.7310712282032549,0.7399498554785912
0.7125096735443676,0.735727844693742
0.6982892669988862,0.735647345812174
0.7352274756257599,0.7392938620675522
0.724190204819109,0.7438489957493251
0.7249981217979798,0.748016085580061
0.733398806111096,0.7369304757119506
0.7147285046895061,0.7426567762026236
0.6699624760103181,0.7420453541420181
0.6516762003670785,0.7465559253116185
0.694259808081718,0.7480354767247865
0.7314573706416584,0.7455796951882547
0.7249938306863534,0.715283366708364
0.79167713920475,0.7029823628132094
0.7609676139144957,0.7000042070805519
0.7231658375940543,0.7075922742723861
0.6880096117708784,0.6981301141061569
0.7517419090530156,0.694228684511548
0.7294178278564311,0.693279879612418
0.7410208078821462,0.6988625015024219
0.7326888797288388,0.6965693108104676
0.7178234527530726,0.7157566096601332
0.719117764134528,0.7135452508011838
0.7146365630351169,0.7022284728063933
0.7656627466018288,0.7175493472393114
0.7197396144035374,0.7020985854819508
0.6930027544104628,0.7073705781107527
0.7037757036081899,0.6998919664979381
0.6892691587841816,0.6978984057105466
0.6895435661696233,0.686358785913261
0.6726956729730341,0.7019195275778412
0.691067418924132,0.7111891730408596
0.6893142219158791,0.6988323584208652
0.6653024587352961,0.7050992084398058
0.572794183306118,0.7065422868289424
0.6072405038147283,0.7074923168204343
0.6174102401145382,0.6077467224318829
0.6500475808501766,0.6101430162492223
0.6866803911828933,0.6137471399512062
0.7080794108104255,0.6042487892882071
0.6739318321137954,0.6141025987333307
0.6435525576905058,0.6084664491210388
0.6649649734720645,0.6242838816594595
0.6917586550013125,0.6239065192265771
0.710403043851965,0.6159204340374373
0.7377539464227757,0.6182224004867239
0.7425170882444415,0.6149704387651084
0.7402920349671541,0.6203097261641074
0.7684656564789435,0.723808679141585
0.7702156459741029,0.7129725844618962
0.750089713733472,0.7043518434561047
0.7570758092239166,0.7003049259489833
0.785384665670836,0.6974443938683825
0.7430396143689556,0.6975422601895307
0.7175052874322693,0.6973891306721622
0.7274669970991826,0.692686368537994
0.7606188158540191,0.6974458980789437
0.775031925977938,0.6918586910129935
0.6989944151408177,0.6892743690453023
0.6847151168160254,0.6828083501176186
0.7654716455300962,0.7110815155030729
0.7694583571494765,0.7136917813619569
0.7663709337520374,0.7105360769429906
0.7677601685023635,0.7075801811484014
0.7227249942223058,0.7054498652367278
0.7579853082795937,0.7059244790747412
0.7970597799349451,0.7023077127711187
0.7925642888462577,0.7028882505816958
0.7876544306785548,0.702882349991526
0.7687925495743501,0.6963400684356762
0.7364684726731502,0.6928393426620535
0.7268204573005036,0.697956424421522
0.7426381271541264,0.7392871460503415
0.7681429091382624,0.7335511638698714
0.7028594742631048,0.7304035551456652
0.5901962475135843,0.7328067632164371
0.501432794213195,0.7270395982573271
0.4642648553757441,0.7216927570477389
0.4757363874466441,0.7332164340257449
0.4737802258499745,0.7277400114390828
0.5319556387316776,0.7302533821995517
0.5382699894489958,0.7235313416498478
0.5751357699097789,0.7209035135126918
0.5482376520189803,0.7132621894805926
0.5994576549200251,0.5644925837693101
0.6058305876945976,0.5683132550922882
0.5787078925417216,0.5720596766061156
0.6257856822609699,0.5694762699293112
0.615978328510551,0.5577417142397249
0.6294905700533796,0.5577836111812537
0.6315789794885155,0.5687555755281231
0.6594626293049922,0.5719225990180644
0.6432905170016029,0.5713115270121831
0.6668593292454367,0.573217917202011
0.6866092038922876,0.5783608020414553
0.7130155613850498,0.5783041018665875
0.722391228676145,0.704205167125303
0.712440598719105,0.6934456099246538
0.7300787476067238,0.6963828907672213
0.7243348354823148,0.682409369307479
0.7327442092514712,0.6820814113431584
0.7379828385204109,0.6736419459231751
0.7455819654606078,0.6804949139197445
0.7240898624156314,0.6828543846236096
0.780121641227966,0.6807858544626376
0.7788535500225703,0.6787514603384689
0.7825713302938601,0.6736175775159011
0.7873026003555773,0.6614509441570385
0.8044889182665188,0.7744092758033917
0.7774026089637179,0.767951672064454
0.7614352849459961,0.7578563261427418
0.780517857334495,0.7558652511104113
0.7863677450164696,0.7431972146052689
0.7526583687008263,0.7380911052395505
0.7634244544352352,0.7380237318130959
0.7597193782639088,0.7370104964394847
0.7703569855774425,0.7316231770163286
0.7817780511883367,0.7282399967980231
0.7768725587209514,0.7254216063927774
0.7298943294389114,0.7252110291979591
0.7671072310616728,0.7472531800674468
0.7995586503330631,0.7439380712954197
0.764379446971145,0.745538424288178
0.7684761921185391,0.745515135023662
0.7371894339895589,0.7362670508828049
0.742874552072497,0.7357650192522871
0.7494954294961352,0.7382612778362656
0.8017924287348349,0.7408804568764925
0.7897355832433534,0.7489854468368282
0.8135772294842653,0.7452718309145618
0.8179279980188098,0.730617924435695
0.7916428737019076,0.7356899545351141
0.8043940343119772,0.7912910917279488
0.8161852400239741,0.7883493978870225
0.7999952119560535,0.7835289300560213
0.756412815342738,0.7818666754714092
0.8059763687260025,0.7787889237321759
0.7984675626553431,0.7728775176535787
0.8102396404347544,0.7710118324209896
0.7985616442338738,0.7778322113091608
0.7801047982804753,0.7766209727589121
0.812141815638454,0.7739767971214566
0.8218386939138952,0.7727947308220782
0.8007144728004626,0.7596122204864895
0.8164517062556039,0.8057663543803562
0.7712600339409369,0.8049294907632693
0.7665773742167911,0.8010900029840229
0.7427800471492373,0.7954049542297357
0.7770795075520786,0.7897850765005143
0.7735646721565389,0.7737548719008542
0.7537384312291807,0.7875245457624628
0.7060089737145278,0.7829964897210848
0.7511371022420442,0.781132904967011
0.7556240762709142,0.7832882000920002
0.7978446187645382,0.7795739890290909
0.72999316805188,0.7817203955944299
0.7592003179423327,0.757315807284528
0.7447512764162477,0.7556975899355296
0.7428587301820847,0.7503131796605791
0.7312932281264651,0.7500599445524765
0.7509247527743045,0.7445413111265964
0.7402022354210988,0.7376576073811074
0.7544701754416082,0.7442028774792889
0.7748915091410714,0.7463046998105657
0.758840050482731,0.7489311806123078
0.7512865792624287,0.7444919253921478
0.7453302072260403,0.746443793714331
0.7654097698729102,0.7425357412130215
0.7694073204970672,0.7613962481480762
0.7481918575563583,0.7603997427942157
0.8131698951157175,0.7527196616082845
0.8146018106575891,0.7488128122024269
0.8228823326759643,0.7480562884720997
0.8176238368897221,0.7417170417570074
0.8049705815024221,0.7422753580839622
0.7910648103851013,0.7442999900447599
0.7910876943158985,0.7404070448323327
0.7961619585509686,0.7420792112133717
0.7930970313224345,0.7405017765061289
0.8283165597005769,0.7431989346664541
0.8263461688204451,0.8181245252420807
0.8249813819579092,0.810617609998656
0.8591367768514068,0.802775893923348
0.8341607496275681,0.7954825973925223
0.8829003580372582,0.7970955525366135
0.852867904216207,0.7910202419866764
0.8487342605952913,0.7903651011542954
0.7980872827100652,0.7867306415555314
0.8152255226171031,0.7812420426906762
0.7908934615561517,0.7783614133740536
0.8048945185210489,0.7795688399537053
0.7881104544554608,0.7786464555595738
0.791993531860614,0.8017281176195716
0.8262066986586439,0.7960802425361749
0.8337831828562062,0.7915968988516929
0.8246314163717984,0.7946274328766647
0.8131580521555418,0.7848555399211372
0.8066291084958367,0.7824680637716042
0.8136766587727559,0.7759549486252474
0.79000929798893,0.7763446705255892
0.8334296234711988,0.77328015455529
0.8406573839719617,0.7720672801607797
0.816677761078446,0.7725631064343598
0.7717247607351349,0.7784285117822463
0.7935650360738548,0.7796598136512094
0.8110503283949692,0.775921227616734
0.7982265475037903,0.7743375725626325
0.8058782522234348,0.7748637185367507
0.7973027698701475,0.7770005746231843
0.8150667061522733,0.7729255717182671
0.8231061774949685,0.7668146712763946
0.8211413575197485,0.7713860948422849
0.8058701730308394,0.7739623885257141
0.810825262036475,0.7704988299364305
0.8347099583056391,0.7621776017402647
0.7920850384642267,0.7660606723608692
0.8013653002706204,0.7966744494714829
0.8254822346943843,0.7940664791719848
0.8261144062364773,0.7929973128924858
0.8157121644387638,0.7924169471246553
0.8271317723642065,0.793145590784203
0.8107812304168284,0.7812331960012324
0.8191862658820938,0.7798529387912627
0.8004693846313374,0.7784095519736081
0.6719810277195889,0.7746212025685619
0.5523638070090887,0.7792717444583495
0.5468750936903602,0.7797936699442822
0.5470124500953889,0.7699436177247981
0.5822426472087722,0.5953150435506002
0.5859477630610207,0.6068154997871321
0.6258974105009104,0.6184819367328833
0.6848396140588883,0.6238614094444066
0.6198056817019665,0.63098660061111
0.5797533954573076,0.6277333244993191
0.5826353829079453,0.6359192681240032
0.484795621458063,0.6307237869866397
0.4967472300256098,0.615279233402142
0.5152064195395437,0.6226315800744363
0.5734468352256367,0.6286748720487935
0.5956236858323357,0.6262900510640685
0.5933173990306589,0.6042292033624352
0.6192664157365312,0.599410228341238
0.5797704382573875,0.5931197262547717
0.615243724463652,0.5982652579248401
0.6446800713272519,0.5997075541962333
0.6213936651316895,0.5995516419437436
0.6141444779123003,0.5943218454063858
0.5967050681467564,0.594679188006667
0.6437726417809423,0.5932484122365527
0.8160187867562122,0.5923721756853602
0.8731456898946567,0.596430119168154
0.8130365030695222,0.5918672076635283
0.8049334358666426,0.780082298742306
0.7998045418406597,0.7670391365085114
0.7984263902427972,0.758841534223095
0.7966230340800432,0.7529081405038649
0.7799943694168602,0.7454154487941826
0.7756014140496151,0.7418472860257178
0.8013068777270879,0.731364229556223
0.8012138137031201,0.7222126972657906
0.8385365086477593,0.7254769472837862
0.8321772054374371,0.7212267138596512
0.7903337413390846,0.7102827675338562
0.7559358798676233,0.7058638904114781
0.7549068173656727,0.7764479449000468
0.7682549929191415,0.7680628448317384
0.7531895670928751,0.7662318162637487
0.7826493813779843,0.7654109705604618
0.7550243829586439,0.7624951536087616
0.6875011971894923,0.75117924324912
0.7415628223230516,0.7531779294198674
0.7311687441158768,0.7400160411988418
0.7671019851387207,0.7381786523539926
0.7888923160942493,0.7409356738061494
0.7688567571642974,0.7302841921471379
0.7489488448502329,0.7223130914850504
0.750785433610848,0.7663150764778018
0.7228410619951912,0.7579852972527474
0.7368066510788688,0.7557090811953879
0.7704711758373487,0.7628306596242223
0.7902273196667581,0.7532040695213718
0.7911045229060075,0.7462461392314664
0.7783143798455948,0.7489011741764863
0.785004686844189,0.7472562466021017
0.7838270148625325,0.7523168942169962
0.7859971661077053,0.74573969399532
0.7627159469673713,0.7538576844685942
0.7381829869469719,0.7487293176491238
0.7203111374706078,0.7564811304127804
0.6994421275537442,0.7572716023257732
0.7118192401330438,0.7607000920739493
0.7488544851310023,0.7640921337271233
0.7726943419061479,0.7650109885289871
0.7777729426644951,0.7644931596383101
0.7997319767706651,0.7552426613059862
0.8000103860459239,0.7586290054676244
0.77179607042061,0.7549329449616218
0.7576423526657218,0.7527602369452157
0.7456542520633805,0.7474781251246794
0.7196552389771061,0.7392053498027457
0.7464170461623164,0.7321107455664917
0.7084319776342182,0.7324342410472631
0.7017275878133832,0.731740078063459
0.7358396954699272,0.7395465635257681
0.7334024475804207,0.7438606905941642
0.741814407472866,0.7323542299725503
0.7442650845114817,0.7303723271268371
0.7483144786045771,0.7295636060329797
0.7237034898457163,0.7273385621385929
0.753086452131681,0.7249273745214229
0.738390189923369,0.728768610430482
0.7336982633610839,0.7233385102329728
0.7362769886383597,0.7377305545868861
0.718150060113287,0.7371174282080225
0.7322774432769631,0.7356543245171577
0.7422798908731009,0.7427290844203923
0.7737213740342158,0.7386134474194705
0.7422545618601403,0.7312356006986305
0.7308987874829803,0.7286131402051064
0.7079524407355356,0.7282101363005541
0.7379726476647227,0.7347984065697571
0.7382413395930346,0.7280171052543104
0.7248959262829563,0.7333237560438642
0.7165454985552177,0.7357508972463983
0.701282144696379,0.7220986510152413
0.6723317697613754,0.7215462442831797
0.7074060747119987,0.7177264479352077
0.7084920672828935,0.721121828331956
0.6785597993478142,0.7194321617514072
0.6838076113553523,0.7094594382379261
0.7423025391948125,0.710194681401619
0.7656406625938216,0.7084478729375439
0.7548801005708542,0.7040134780215366
0.7648887553449685,0.7076211763667289
0.728858599439704,0.7050299745037074
0.7024405309732017,0.6987463424278658
0.6782676874470704,0.7013543700429778
0.672560646978205,0.6976509297452282
0.7036440235162357,0.6913628074118415
0.7125933335755951,0.6968225526365632
0.7006715364686354,0.7041645054149877
0.6982331628317638,0.6977796113493658
0.6989167027539999,0.6912175310913529
0.7125611843463485,0.6909878345378951
0.7370725630445244,0.7005738379551439
0.740822153633735,0.6966098245543295
0.7342150583637596,0.700068719237382
0.7258449230833403,0.6909838419564307
0.7532042434364298,0.7128912676866097
0.7159380898339399,0.707941240372961
0.701589170585967,0.7087234292328453
0.6599689929205331,0.7127873497159459
0.6924153450942309,0.7065817978222044
0.7025373832676943,0.7074193123213508
0.6831051936467704,0.7045443480888016
0.6957474727401732,0.7083936202107417
0.7230344866787698,0.7155579740473126
0.7276501434619868,0.7120801106595522
0.7524325220869691,0.7048828770082912
0.7097586136043569,0.69853394785017
0.6786325380859067,0.7103711349155921
0.6507811377178695,0.7043663727425616
0.6870930656925903,0.7025012625108522
0.6896845255480831,0.7074900812592896
0.714579405155812,0.708889831000187
0.7320501010724504,0.6991840846830303
0.7262298507463721,0.6990664277178468
0.7175055328285894,0.7033586137301161
0.7408014890623172,0.7014807809768933
0.6814738672174329,0.702274827108102
0.5107013404206601,0.7004139518593825
0.325600450533181,0.6922872127996399
0.264367215568498,0.4221991849006704
0.2970616675525138,0.4520634145090536
0.3598302335274158,0.4739909835276544
0.3084141871619555,0.4944202136972554
0.2233243340182246,0.5057805281793103
0.3214189298408098,0.5099910666871068
0.2109362400306674,0.5192153406763773
0.1807172969731764,0.5221825472049612
0.1995455330508045,0.5318137165857373
0.1977514854751153,0.5323235634245012
0.1925214144535779,0.5211298247354802
0.3587144706835278,0.5262960899891548
0.3230729463530156,0.3127459990787413
0.3569826614712011,0.3167051990034993
0.3902504037830326,0.3252999614389057
0.4541974767609195,0.3236737928382029
0.4227925635839474,0.3297530872891748
0.3274200286070542,0.3324829024824316
0.3211582604875936,0.3306841348379412
0.2682684772885365,0.3509431723867606
0.2567167432260843,0.3469452566805769
0.3132027585153932,0.35338076805491225
0.3283835911233047,0.3626813354054354
0.2567369948282535,0.3550883173692129
0.2602634087182526,0.2831802487177283
0.3684411293078126,0.29483221561800704
0.3271643003991061,0.30915844323735014
0.3921402636453638,0.31976853350979967
0.4245644028868699,0.32220832958893336
0.6165360775345442,0.32899734580855283
0.6273544774546448,0.329358193814522
0.6238300679105665,0.3246196478953449
0.6445791518828802,0.33873557811612454
0.614255619251952,0.34247150150858197
0.6073099599557378,0.33039816250224335
0.6274961244001823,0.33770158057429656
